is_phishing,date,title,link,content
non_phi,2023-09-11 11:00,"우리은행, 대출비교플랫폼 '핀다'에 '청년도약대출' 입점",https://n.news.naver.com/mnews/article/003/0012081756?sid=101,"[




[서울=뉴시스]이주혜 기자 = 우리은행은 대출비교플랫폼 '핀다'에 우리은행 대표 개인 신용대출상품이 입점했다고 11일 밝혔다.이번에 핀다 대출비교서비스에 입점하는 상품은 '우리 WON하는 직장인대출'과 '우리 새희망홀씨Ⅱ' '우리 청년도약대출(새희망홀씨Ⅱ)' 총 3종이다. 우리 청년도약대출(새희망홀씨Ⅱ)은 연소득 4000만원 이하, 3개월 이상 재직한 만 34세 이하 청년이면 연 5.0%의 확정금리로 제공받을 수 있다.우리은행은 핀다의 대출 갈아타기 서비스에도 입점했다. 대출 갈아타기 서비스에 입점하는 '우리 WON 갈아타기 직장인대출'은 6개월 이상 재직, 연소득 2000만원 이상 직장인을 대상으로 지난 6일 출시한 대환대출 전용 신상품이다. 우리 새희망홀씨Ⅱ는 저소득·저신용 고객 대상 상생금융대출 상품이다.우리은행 관계자는 ""핀다와의 제휴를 통한 비대면 채널 및 상품 확대로 더 많은 고객을 모실 수 있게 됐다""며 ""앞으로도 다양한 상품과 채널로 대출을 이용하는 고객들의 편의를 더욱 제고할 것""이라고 말했다．
]"
non_phi,2023-09-11 5:30,"""대출금리 4006%, 불법 사채 늪에 빠진 사회복무요원""",https://n.news.naver.com/mnews/article/421/0007041065?sid=102,"[
작년 불법사금융 신고 건수 1만913건…경기 침체 장기화에 매년 늘어성 착취 추심 등 신종 범죄도 기승…경찰·금융당국 대응 나서



ⓒ News1 윤주희 디자이너(서울=뉴스1) 서상혁 김형준 기자 = ""어느 날에는 제가 근무하는 곳에 찾아오겠다고 으름장을 놓더라고요. 일주일 안에 빌린 돈을 모두 갚으라는데, 사회복무요원이 그 큰돈을 어떻게 벌겠어요. 매일 근무지에 전화하는데, 동료를 볼 면목이 없어요.""사회복무요원 이 모 씨는 요즘 근무지로 걸려 오는 불법 사채업자의 추심 전화 때문에 출근하기가 겁난다. ""조금씩 갚아나가겠으니 기다려 달라""고 해도 막무가내식으로 나온다.무턱대고 대출을 받은 게 화근이었다. 과거 어려운 가정환경 때문에 생활비 명목으로 금융회사로부터 대출을 받았다. 입대 후 소득이 줄면서 연체가 시작됐다. 빚 독촉이 심해지자, 어쩔 수 없이 불법사금융의 손을 잡았다.하지만 잘못된 판단이었다. 불법사금융 업자의 추심은 일반 금융회사와 수준이 달랐다. 계속되는 추심 전화와 문자에 압박을 느낀 이 씨는 다른 불법사금융 업체에서 대출을 받는 '돌려막기'를 시도했다. 이렇게 그는 총 5곳의 불법사금융 업체로부터 대출을 받게 됐다.이 씨가 5개 업체로부터 받은 대출의 평균 금리는 연 4006%. 법정 최고금리를 초과한 '명백한 불법' 행위다. 이번 달 이자는 어떻게 갚을지 막막하기만 하다.고물가·고금리에 따른 경기 침체 장기화로 이씨와 같은 불법사금융의 유혹에 빠졌다가 난관에 봉착하는 이들이 빠르게 늘어나고 있다. 불법사금융 업체는 연 수천%의 살인적인 금리를 매기면서, 시도 때도 없는 추심으로 대출자의 일상을 파괴해 놓는다. 상황이 심각해지자 정부도 지난 5월부터 총력 대응에 나서고 있다. 경찰 역시 최근 금융감독원과 수사 공조를 위한 '핫라인'을 구축했다. 일각에선 불법사금융에 손을 대기 전에 정부의 지원 정책을 알아봐야 한다고 충고한다.◇ 수배전단·음란물에 피해자 사진 합성 협박 사례도11일 금융감독원이 서범수 국민의힘 의원실에 제출한 자료에 따르면 불법사금융 관련 상담·신고 건수는 지난 2019년 5468건, 2020년 8043건, 2021년 9918건, 2022년 1만913건으로 매년 증가세를 보이고 있다. 올 상반기엔 6784건이 접수됐는데, 지금 같은 속도라면 올 연말엔 지난해 수준을 넘길 전망이다.불법사금융 업체란 금융당국이나 지방자치단체에 등록하지 않고 '미등록 영업'을 하는 대부업체를 말한다. 현행 법정 최고금리는 연 20%지만 이들은 수백%부터 수천%의 금리를 매긴다. 폭행이나 협박, 심야 방문·전화 등 불법 추심행위도 서슴지 않는다.최근에는 사진을 합성해 협박하는 사례도 나오고 있다. 불법사금융 피해자 A씨는 업체로부터 ""돈을 갚지 않으면 범죄 수배자 문서 양식에 당신 얼굴을 합성해 가족에게 뿌리겠다""는 위협을 받았다며 지난 7월 금융감독원에 상담을 요청했다.특히 채무자의 얼굴 사진을 음란물 등에 합성해 ""지인에게 전송하겠다""고 협박하는 '성 착취 추심 행위'도 빈번하게 발생하고 있다.불법사금융이 활개 치게 된 주요 원인으로는 경기 악화가 꼽힌다. 고금리·고물가 장기화로 가계에 돈이 돌지 않자, 생활고에 못 이겨 불법사금융의 손을 잡는 것이다. 불법사금융을 이용하는 상당수는 신용점수가 낮은 '취약계층'이다. 2021년 법정 최고금리가 연 24%에서 20%로 인하되자 제도권 대부업체들이 수익성 악화를 이유로 저신용자 대상 신용대출을 중단한 영향도 있다.◇불법사금융 범정부 차원 대응…전문가 ""서민금융진흥원 상담부터 받아야"" 강조전문가들은 이같은 피해를 사전에 예방하는 것이 중요하다고 입을 모은다. 불법업체들은 돈을 쉽게 빌려주지만 혹독한 대가가 따른다는 걸 명심해야 한다고 충고한다.신동화 참여연대 경제금융센터 간사는 ""상환이 어려울 경우 빚으로 돌려막기를 할 게 아니라, 서민금융센터에서 적극적으로 상담을 받아야 한다""며 ""빚을 내서 돈을 갚아야 할 정도라면, 지원해 주는 기관에 적극 문의해 탈출구를 찾아야 한다""고 제언했다.정부 지원 정책을 알아보려는 대출자의 노력도 필요하다. 현재 금융감독원은 불법사금융 피해자를 위해 '불법금융신고센터'를 운영 중이다. '채무자대리 및 소송변호사 무료 지원 신청' 기능을 통해선 불법 추심으로부터 구제를 받을 수 있다. 현재 만 19세 이상, 신용평점 하위 20%면서 연 소득이 3500만원 이하라면 서민금융진흥원에서 '소액생계비대출'을 받을 수 있다. 최대 한도는 100만원이나, 서민금융진흥원 상담 과정에서 다른 정책금융상품을 소개받을 수 있다.한편 정부는 지난 5월 국무조정실을 중심으로 '불법사금융 척결 범정부 태스크포스(TF)'를 꾸려 본격적인 대응을 시작했다. 경찰청‧지자체 특사경‧법무부‧금융당국으로 구성된 '불법사금융 실무협의체'로 수사에 필요한 정보를 공유하고, 과학기술정보통신부는 불법대부광고 차단에 나서는 게 주된 내용이다.이에 더해 경찰은 지난 5일 금감원과 '불법사금융 수사지원 실무협의회'를 갖고 금감원과 경찰청 불법사금융 담당 조직간 '핫라인'을 구축하기로 했다.
		]"
non_phi,2023-09-11 12:00,능력 보고 대출해준다…'관계형 금융' 15조원 돌파,https://n.news.naver.com/mnews/article/001/0014184677?sid=101,"[
상반기 우수은행에 신한·기업은행(서울=연합뉴스) 임수정 기자 = 은행이 계량·비계량 정보를 종합 평가해 중소기업에 자금을 빌려주는 '관계형 금융' 잔액이 15조원을 돌파했다.     11일 금융감독원에 따르면 지난 6월 말 기준 관계형 금융 잔액은 15조3천억원으로 작년 말(14조4천억원) 대비 9천억원(6.3%) 증가했다.    이는 상반기 중소기업 대출 증가율(2.2%)의 약 3배 수준이다.     개인사업자 대출이 전년 말 대비 7천억원(16.9%) 증가하며 성장세를 주도한 가운데 중소법인 대출도 2천억원(2.0%) 늘었다.     연체율은 전년 말(0.33%) 대비 0.26%포인트(p) 상승한 0.59%로 집계됐다.    관계형 금융은 은행이 중소기업의 재무 정보뿐 아니라 수치화할 수 없는 정보까지 종합적으로 평가해 금융 지원을 수행하는 제도다.    신용도가 낮거나 담보가 부족하더라도 사업 전망이 양호하다고 판단되면 3년 이상의 대출이나 지분투자 경영 자문 서비스를 제공한다.    금감원이 선정한 올해 상반기 관계형 금융 우수은행(대형 그룹)으로는 신한은행과 기업은행이 각각 1, 2위를 차지했다.     중소형 그룹 중에서는 대구은행이 1위, 광주은행이 2위를 기록했다.     금감원은 ""경기 불확실성이 증대되는 가운데 유망 중소기업에 대한 자금 공급이 위축되지 않도록 관계형 금융 공급 확대를 지속 추진하겠다""고 말했다.    이어 ""우수은행 평가 지표 중 '신용대출 비중' 배점을 확대해 담보·보증 대출 위주의 여신 취급 관행 개선을 유도할 것""이라고 덧붙였다. 



금감원 표지석[연합뉴스 자료사진]    sj9974@yna.co.kr
]"
non_phi,2023-09-11 12:01,"기준금리 동결에도 대출금리 왜 오르나, 한은 ""美 국채금리에 장기물 동조화""",https://n.news.naver.com/mnews/article/014/0005070457?sid=101,"[
한국은행 BOK 이슈노트美 국채금리 더 오를 경우은행채, 銀 대출금리 추가 상승 가능성""올해 美 국채금리 영향 줄었지만5년물 이상 장기금리는 동조성 높아"" 



자료=한국은행 제공.[파이낸셜뉴스]한국은행이 지난 2월부터 5회 연속 기준금리를 3.50%로 동결했음에도 차주들의 대출금리 부담은 여전하다. 미국 국채금리와 동조성이 강한 장기물(5년물 이상) 채권금리가 오르고 있기 때문이다.   미국 국채금리 상승이 이어질 경우 은행 대출금리의 준거금리인 금융채 5년물 금리가 상승해 차주 부담이 커질 수 있다는 분석이다.   11일 한국은행 '한·미 금리 동조화 현황 및 평가' BOK 이슈노트(금융시장국 채권시장팀 최강욱 차장·구병수 과장·지성민 조사역 집필)에 따르면 5년물 이상의 국내 장기금리는 여전히 미국 국채금리와 동조성이 높다. 이와 연계된 일부 대출금리, 은행채 및 회사채 금리 등이 미국 국채금리 상승에 일정부분 영향을 받을 수 있다는 분석이다.   실제 최근 미국 국채금리가 오르면서 우리나라 대출금리도 들썩이고 있다. 지난 8월 25일 기준 4대 시중은행(KB국민·신한·하나·우리)의 변동형 주택담보대출금리는 연 4.32~6.95%, 고정(혼합)형은 연 3.90~6.30%로 나타났다. 상단 7%를 목전에 둔 것으로, 지난 7월 14일 변동형이 연 4.21~6.19%, 고정형이 연 4.06~6.00%였던 것과 비교하면 눈에 띄게 올랐다.   은행권 대출금리 기준이 되는 채권금리가 미국 국채금리 상승과 더불어 동반 상승하고 있어서다. 고정형 대출금리의 준거금리인 금융채 5년물(AAA) 금리는 지난달 말 4.39% 수준까지 올랐다. 변동형 금리 기준이 되는 코픽스(COFIX·자금조달비용지수) 또한 채권금리가 오르면 시차를 두고 오른다.   채권시장팀이 미국 금리의 한국 금리에 대한 영향력을 자체 추정한 결과 올해 5년물 금리에 대한 미국 금리의 영향력은 51%, 10년물에 대한 영향력은 56%에 달했다. 지난해 각각 55%, 59%보다는 약해졌지만 여전히 금리 등락에 영향이 큰 것이다. 올해 기준 1년물, 3년물 금리에 대한 영향은 각각 14%, 39%에 그친다.   채권시장팀은 ""최근 한·미 금리 동조화 지속에도 중·단기물의 경우에는 그 강도가 상대적으로 강하지 않다""라며 ""다만 국내 장기금리는 여전히 미국 국채금리와 동조성이 높다""고 분석했다.   가계·기업 대출금리의 경우 최근 미국 국채금리 상승에 따른 영향이 우려할 만한 수준은 아니라는 게 채권시장팀 견해다. 채권시장팀은 ""가계·기업 대출금리는 1년 이하 단기금리에 연동되는 변동금리 비중이 높고 회사채, 은행채 등의 발행 만기도 3년물 이하 중·단기물 비중이 높다""며 이같이 분석했다.   채권시장팀은 ""미국 국채금리 상승에도 국내 통화정책의 파급경로는 대체로 유효하게 작동하고 있다""면서도 ""미국 통화정책에 대한 기대 변화 등으로 미국 국채금리 변동성이 확대되고, 국내 금리에 미치는 영향도 높아질 수 있는 만큼 미국 국채금리 움직임을 면밀히 점검해야 한다""고 판단했다. #한국은행 #주담대 #대출금리 #채권금리 #준거금리 #한미금리동조화  
]"
non_phi,2023-09-10 16:34,"""이자 5,000% 내라""…대출 막히자 판치는 '불법 사채'",https://n.news.naver.com/mnews/article/215/0001124205?sid=101,"[
상반기 상담·신고 5년 만에 최대



올해 상반기 불법 사금융 피해를 입었다며 금융당국에 상담 또는 신고한 사례가 5년 만에 최대치를 기록했다.10일 금융감독원이 국민의힘 서범수 의원실에 제출한 자료에 따르면, 올해 상반기 금감원 불법 사금융 피해 신고센터에 상담·신고된 불법 사금융 피해 건수는 6천784건으로 집계됐다.이는 상반기 기준 2019년 2천459건, 2020년 3천955건, 2021년 4천926건, 지난해 5천37건을 뛰어넘으면서 지난 5년 중 가장 많았다.불법 사금융 피해는 연간 기준으로도 2019년 5천468건, 2020년 8천43건, 2021년 9천918건, 지난해 1만913건 등 지속해서 늘고 있다.불법사금융 피해는 미등록 불법 대부업체 운영, 법정금리인 연이율 20%를 넘는 고금리 부과, 불법 채권추심, 불법 광고, 불법 수수료, 유사수신행위 등에 집중됐다.올해 상반기 불법 사금융 피해 상담·신고 건수 6천784건 중 미등록 대부 관련이 2천561건으로 최다였고, 고금리(1천734건), 채권추심(902건), 불법 광고(791건), 유사 수신(574건), 불법 수수료(22건) 순이었다.이처럼 늘어나는 불법 사금융 피해 상담·신고에도 경찰 등에 수사가 의뢰되는 건수에는 큰 변화가 없었다.금감원은 불법 사금융 관련 제보와 신고를 통해 수집된 피해건 중 내용이 구체적이고 증거자료 등이 확보되는 경우 경찰에 수사를 의뢰한다.불법 사금융 특별근절 기간이었던 2021년에는 수사 의뢰 건수가 731건을 기록했으나 지난해에는 495건, 올해 상반기에는 291건에 그쳤다.서범수 의원은 ""최근 고금리 기조로 제도권 대출이 어려워지자 연이율 5천% 이상의 살인적 고리대금으로 무등록 대부업을 한 불법 사금융 조직이 검거되는 등 국민 피해가 커지고 있다""면서 ""불법 사금융 근절을 위한 특단의 조치가 필요하다""고 말했다.(사진=연합뉴스)
]"
non_phi,2023-09-10 10:50,벼랑 끝의 저신용자…대출문턱 높이는 대부업체·저축은행,https://n.news.naver.com/mnews/article/448/0000427001?sid=101,"[




/TV조선 방송화면 캡처서민들의 마지막 보루인 대부업체와 저축은행의 대출 문턱이 갈수록 높아지고 있다.국회 정무위원회 소속 국민의힘 김희곤 의원실이 서민금융진흥원으로부터 제출받은 자료에 따르면, 올해 상반기 대부업계의 가계신용대출 신규 금액은 6천억원으로 집계됐다.이같은 추세라면 올해 대부업계 가계대출 규모는 1조원 안팎에 그칠 것으로 보이는데, 이는 지난해 대출 규모(4조1천억원)의 4분의 1 수준에 그친다.저축은행 역시 올해 가계신용대출을 급격히 줄였다. 상반기 5조8천억원을 공급했는데 역시 지난해 공급 규모(17조2천억원)와 비교하면 눈에 띄게 줄었다.금리 상승으로 조달 비용이 급증한 가운데 연체·부도율까지 높아지자, 대부은행과 저축은행이 대출 문 자체를 걸어 잠근 것으로 해석된다.이 때문에 급전 통로가 막히면서 서민들이 최대 수백%의 폭리를 취하는 불법 사금융 시장으로 내몰릴 우려가 커지고 있다.
		]"
non_phi,2023-09-10 10:19,"‘서민 급전 창구’ 대부업·저축銀 대출 위축…저신용자, 불법사금융 내몰려",https://n.news.naver.com/mnews/article/366/0000930884?sid=101,"[
대부업계, 올해 가계대출 규모 1조원 안팎 전망작년보다 4분의 1 수준저축은행도 대출 문턱 높여금융 당국, 정책금융상품 효율화 추진



일러스트=이은현        고금리·고물가 상황 속 서민들에 대한 대출 문턱이 높아지고 있다. 중저신용자의 급전 통로로 이용되는 대부업체와 저축은행에서 대출의 문을 닫고 있는 것이다. 금융 당국은 돈을 빌리기 어려워진 서민층이 불법사금융으로 빠질 가능성이 커지자 햇살론 등 정책금융 상품을 효율화할 수 있는 방안이 있는지 살펴보고 있다.10일 국회 정무위원회 소속 국민의힘 김희곤 의원실이 서민금융진흥원으로부터 제출받은 자료에 따르면 올해 상반기 대부업계의 가계신용대출 신규 금액은 6000억원이다.하반기에도 이러한 추세가 지속된다면 올해 대부업계의 가계대출 규모는 1조원대에 머물 것으로 예상된다. 지난해 대부업계의 가계대출 규모(4조1000억원)보다 4분의 1 수준으로 쪼그라드는 것이다.저축은행 역시 올해 가계신용대출을 급격히 감소했다. 상반기 가계대출 규모는 5조8000억원으로, 지난해 공급 규모(17조2000억원)와 비교해 확연히 줄어들었다.대부업체와 저축은행은 금리 상승으로 조달 비용이 증가하지만, 법정 최고금리(연 20%)라는 제한으로 인해 돈을 빌려줄수록 손해를 보는 ‘역마진’을 우려해 대출 자체를 축소하고 있다. 또한, 연체·부도율이 높아지고 있다는 점도 대출을 줄이고 있는 이유다.



일러스트=손민균        급전 통로가 막힌 서민들은 불법사금융 시장으로 내몰릴 수밖에 없다. 한국대부금융협회에 따르면 작년 불법 사채 피해 건수는 6712건, 평균 대출액은 382만원, 평균 금리는 414%로 집계됐다.금융 당국에서도 중저신용자들을 위해 소액 생계비 대출 등의 정책금융 상품을 내놓고 있지만 공급은 턱없이 부족하다. 연체 이력에 상관없이 당일 50만원을 빌려주는 소액 생계비 대출은 지난 7월 말 기준 총 484억4000만원(대출 건수 7만9293건)이 공급됐다. 최저신용자 특례보증은 월별 한도가 풀리는 매달 첫 영업일에 한도가 모두 소진되고 있다. 최저신용자 특례보증은 신용평점 하위 10% 이하 차주를 대상으로 한 번에 최대 500만원을 대출해 주는 상품이다.갈수록 서민층의 대출 환경이 악화되자 금융 당국은 서민금융 효율화 방안을 검토하고 있다. 효율화 방안에는 재원·공급 채널별로 복잡하게 나뉜 ‘햇살론’을 통합하는 내용이 포함된 것으로 전해졌다. 만약 근로자햇살론·햇살론15·햇살론카드 등 상품별로 햇살론 재원이 분산돼 있던 것을 통합하게 되면, ‘재원 칸막이’가 사라져 서민층의 수요가 있는 상품으로 재원을 더 투입할 수 있게 된다. 최저신용자 대상 직접 대출 상품을 출시하는 것도 효율화 방안 중 하나다.금융 당국은 금융권의 서민금융을 위한 재원 출연요율 상향 등을 통한 재원 확충도 검토하고 있다. 현재 금융권은 가계대출 잔액의 0.03%를 서민금융 재원으로 출연하고 있다.
]"
non_phi,2023-09-10 19:04,"부동산 PF대출 연체율 4%대… SBI·OK·웰컴, 1년새 3배로",https://n.news.naver.com/mnews/article/029/0002824356?sid=101,"[
5대 저축銀 연체율 급등OK저축銀, 8.35% 가장 높아페퍼저축도 0% → 4.35% 폭증'요주의 여신' 전년比 2배 늘어코로나 대출지원 종료 앞두고정부 ""9월 위기설 없다"" 일축



5대 저축銀 연체율 급등제2금융권 연체율이 1년새 가파르게 뛰는 등 심상치 않은 흐름을 보이고 있다. 저축은행과 새마을금고 등 상호금융권에서 국내외 부동산 경기 악화 탓에 부동산 프로젝트 파이낸싱(PF) 대출을 중심으로 연체율이 급등했다. 이런 가운데 제2금융권에 기댔던 영세 자영업자의 코로나19 대출 지원 종료가 다가오고 있다. 정부의 '9월 위기설' 진화에도  제2금융권 부실이 현실화될 수 있다는 우려가 나온다.10일 저축은행 자산 기준 상위 5개사(SBI·OK·웰컴·페퍼·한국투자저축은행)의 2분기 경영공시를 취합한 결과, 지난 6월 말 기준 부동산 PF 연체율은 평균 3.96%로 지난해 같은 기간(1.26%)보다 3배 이상으로 뛰었다. 같은 기간 부동산 PF 평균 고정이하여신(3개월 이상 연체) 비율은 1.87%에서 4.15%로 2.28%포인트(p), 2.21배 상승했다. 개별 회사로 보면 증가세가 더욱 뚜렷하다. 부동산 PF 대출 규모가 약 1조 원으로 가장 큰 OK저축은행의 올 6월 말 기준 부동산 PF 연체율은 8.35%로 1년만에 4.7%p나 치솟았다. 페퍼저축은행은 1년 전인 지난해 6월만 해도 부동산 PF 대출 연체율이 0%였으나 올해 6월 말에는 4.35%를 기록했다.부실채권으로 진입하기 전 단계인 '요주의 여신'(1~3개월 연체) 규모도 급증하고 있다. 올해 6월 말 기준 5개 저축은행의 총 부동산 PF 요주의 여신액은 1조 5048억원으로 총 부동산 PF 대출의 51.7%를 차지했다. 비중으로 보면 전년 동기(25.3%) 대비 약 2배나 불었다. '정상'으로 분류된 부동산 PF 대출이 전체의 절반도 안 되는 셈이다. 특히 OK저축은행의 요주의여신 비율은 46.29%에서 66.77%로 20.48%p 상승했다.상호금융권도 부동산 PF 중심으로 연체율이 급상승 중이다. 금융감독원에 따르면 상호금융조합(농협·수협·신협·산림조합)의 연체율은 지난 6월 말 기준 2.8%였다. 지난해 말(1.52%)과 비교해 1.28%p 상승했다. 상호금융의 기업대출 연체율은 지난 6월 말 기준 4.12%로, 지난해 말(2.23%)보다 1.98%p 올랐다.상호금융의 부동산 PF 연체율 상승은 한때 '위기설'까지 나왔던 새마을금고도 비슷했다. 행정안전부에 따르면 새마을금고의 지난 6월 말 연체율은 5.41%로, 지난해 말(3.59%)과 비교해 1.82%p 올랐다. 새마을금고 역시 부동산 PF 대출 부실 여파에 따라 기업대출 연체율은 지난 6월 말 8.34%로 지난해 말(5.61%)보다 2.73% 뛰었다.실제 부동산 업종과 건설 업종의 부실 위험이 심각하다는 지표도 나왔다. 이지언 한국금융연구원 선임연구위원이 이날 발표한 '기업부채 리스크와 여신 건전성 추정' 보고서에 따르면 부도 확률이 10%를 넘는 부실기업의 부채가 4년 만에 2.3배로 불어난 것으로 나타났다. 특히 부동산 업종은 총 부채 중 부실기업의 부채 비중이 30%에 달했다.이 선임연구위원은 코스피·코스닥·코넥스·외감법인 중 비금융 기업 3만5000여 개를 분석, 부도 확률이 10%를 초과하는 기업을 부실기업으로 정의했다. 분석 결과를 보면 분석 대상 기업 총부채는 2018년 1719조원에서 지난해 2719조원으로 연평균 12% 증가했다. 부실기업 부채는 같은 기간 91조원에서 213조원으로 연평균 24% 늘며 급증했다.최근 5년간 부실기업 부채가 기업 부문 총부채에서 차지하는 비중도 지난 2018년 5.3%에서 지난해 7.8%로 커졌다. 업종별  부실기업 부채비율은 부동산업이 29.3%로 30%에 육박했다. 운수업(8.6%)과 건설업(8.1%) 등 업종도 부채 비중이 높았다.전문가들은 부동산 침체에 따른  제2금융권 연체율 관리가 시급하다고 지적했다. 박상현·김명실 하이투자증권 연구원은 ""상용 근로자에 비해 2금융권 이용 비중이 큰 자영업자의 부담이 가중되며 이들 중 상당수의 채무 상환 능력이 떨어질 수 있다""며 ""코로나19 이후 불어난 대출금과 고금리에 대한 이자 부담이 '빚 청구서'로 날아올 수 있는 만큼 경제 주체의 부채 수준 점검 및 한계 차주에 대한 리스크 관리가 필요하다""고 강조했다.정혜진 신한투자증권 연구원은 ""시장이 급속도로 냉각되면 우량 사업장일지라도 차환발행에 차질을 겪을 수 있다""며 ""고금리 장기화 및 지방, 투자용 부동산 수요의 미진한 회복세를 고려할 때 PF 경계감을 유지하는 것이 합리적이나 과도한 우려가 지속될 경우 우려가 현실로 나타날 수 있음에 유의해야 한다""고 밝혔다.부동산 PF 여파에 따른 제2금융권의 '9월 위기설'은 이달 말 종료되는 코로나19 대출 만기연장·상환 유예 조치로 부상하기도 했다. 소상공인들은 그동안 정부의 지원으로 상환이 유예됐던 5조2000억원 규모(6월 말 기준)의 대출 원금과 이자를 갚기 시작해야 한다.정부는 제2금융권 중심으로 제기된 '9월 위기설'을 일축했다. 김주현 금융위원장은 지난 4일 국회 정무위원회 전체 회의에서 ""금리가 오르는 등 상황이 안 좋지만, 연체율이나 부도율, 미분양 주택률 등 지표를 봤을 때 9월에 위기가 터진다는 것은 정확한 판단이 아니다""고 말했다. 김 위원장은 중국 부동산 위기와 관련해선 ""중국이 어려워지면 우리도 직간접적인 영향을 받지만, 중국 정부 의지를 보면 중국 전체를 흔들 위기로까지 보지 않는다""며 ""우리나라에 미칠 영향도 굉장히 제한적""이라고 했다.중소기업 및 자영업자에 대한 만기 연장 관련 9월 종료 설에 대해선 ""9월에 만기 연장이 안 돼서 돈을 갚아야 하는 사람은 없다""며불확실성이 많으니 단정적으로 말할 수는 없지만 일부 언론과 유튜브에서 제기하는 이유를 바탕으로 한 위기는 없을 것""이라고 언급했다. 금융당국은 만기 연장은 2025년 9월까지 조치 시한이 남아 있고, 상환 유예 대출도 올해 9월 말 이후 최장 5년간 분할 상환이 가능하며, 일부는 자체 상환이 되면서 잔액이 꾸준히 줄고 있다는 점에서 빚 폭탄이 당장 9월에 터지지 않을 것으로 보고 있다.
]"
non_phi,2023-09-10 15:54,"강남구, 신혼부부·청년 전월세 대출이자 지원…내일부터 접수",https://n.news.naver.com/mnews/article/003/0012080660?sid=102,"[
신혼부부 15가구·청년 32가구 대상



[서울=뉴시스]강남구청 전경.(사진=강남구 제공) *재판매 및 DB 금지[서울=뉴시스] 권혁진 기자 = 서울 강남구는 제3차 신혼부부 청년 전월세 보증금 대출이자 지원 사업의 신청자를 11일부터 접수한다고 10일 밝혔다.이 사업은 주거비가 높은 강남구에 거주하는 청년과 신혼부부의 경제적 부담을 덜어주기 위한 민선8기 공약으로 올해 처음 시행됐다. 서울시 지원 사업 소득 기준인 신혼부부 합산 연 소득 9700원 미만, 청년 4000만원에서 제외된 틈새 계층을 지원한다는 취지로 지난 1·2차 지원을 통해 총 143가구에 1억4500만원을 지원했다.구는 3차 모집으로 신혼부부 15가구, 청년 32가구 등 총 47가구를 지원할 계획이다. 지급범위는 신혼부부의 경우 보증금 1억5000만원 이내의 대출이자 1%로 연 최대 150만원이다. 청년은 보증금 1억원 이내의 1%로 연 최대 100만원이다.공고일 기준 혼인신고일로부터 7년 이내인 강남구에 주민등록을 둔 신혼부부로서 부부 모두 무주택자, 부부 합산 연소득 9700만원~1억2000만원, 주거용 주택 또는 주거용 오피스텔(전용면적 또는 계약면적 85㎡ 이하)에 신청인(또는 배우자)이 임대차계약을 체결한 가구는 지원할 수 있다.청년은 만 19세~만 39세 이하 강남구에 주민등록을 준 단독 거주자로 연소득 4000만원~6000만원 이하의 무주택자, 공고일 기준 관내 주거용 주택 또는 주거용 오피스텔(전용면적 또는 계약면적 60㎡ 이하)에 신청인이 임대차계약을 체결한 경우다.국민기초생활 보장법 제7조에 따른 급여를 받는 수급자 중 생계·의료·주거급여 수급자와 공공임대주택(국민임대·영구임대·장기전세·행복·매입임대·전세임대주택 등) 거주자, 주택도시기금 전세자금 대출자, 분양권이 있는 자 등은 지원에서 제외된다.신청을 원하는 이는 다음달 10일까지로 구청 주택과로 방문 접수하면 된다. 지원 기간은 최장 3년으로 매년 자격심사를 진행해 자격 요건이 충족될 경우 지원할 예정이다.조성명 강남구청장은 ""올해의 마지막 접수 기간으로, 1·2차 때 신청하지 못한 구민들이 신청해서 주거비 절감 혜택을 보길 바란다""며 ""앞으로도 젊은 세대가 강남구에 안정적으로 정착하고 자립할 수 있도록 실효성 있는 지원하겠다""고 말했다．
]"
non_phi,2023-09-11 5:30,"""올해 마지막 접수""… 강남구, 신혼부부·청년 전월세 대출이자 지원",https://n.news.naver.com/mnews/article/417/0000947769?sid=102,"[




강남구는  다음 달 10일까지 제3차 신혼부부 청년 전월세 보증금 대출이자 지원 사업의 신청자를 모집한다. /사진=뉴스1 서울시 강남구가 신혼부부·청년 전월세 대출이자 지원한다.11일 서울시에 따르면 강남구는  다음 달 10일까지 방문접수를 통해 제3차 신혼부부 청년 전월세 보증금 대출이자 지원 사업의 신청자를 모집한다.  서울시 지원 사업 소득 기준인 신혼부부 합산 연 소득 9700원 미만, 청년 4000만원에서 제외된 틈새 계층을 지원한다는 취지로 지난 1·2차 지원을 통해 총 143가구에 1억4500만원을 지원했다.구는 3차 모집으로 신혼부부 15가구, 청년 32가구 등 총 47가구를 지원할 계획이다. 지급범위는 신혼부부의 경우 보증금 1억5000만원 이내의 대출이자 1%로 연 최대 150만원이다. 청년은 보증금 1억원 이내의 1%로 연 최대 100만원이다.공고일 기준 혼인신고일로부터 7년 이내인 강남구에 주민등록을 둔 신혼부부로 부부 모두 무주택자, 부부 합산 연소득 9700만원~1억2000만원, 주거용 주택 또는 주거용 오피스텔(전용면적 또는 계약면적 85㎡ 이하)에 신청인(또는 배우자)이 임대차계약을 체결한 가구는 지원할 수 있다. 청년은 만 19세~만 39세 이하 강남구에 주민등록을 준 단독 거주자로 연소득 4000만원~6000만원 이하의 무주택자, 공고일 기준 관내 주거용 주택 또는 주거용 오피스텔(전용면적 또는 계약면적 60㎡ 이하)에 신청인이 임대차계약을 체결한 경우다.국민기초생활 보장법 제7조에 따른 급여를 받는 수급자 중 생계·의료·주거급여 수급자와 공공임대주택(국민임대·영구임대·장기전세·행복·매입임대·전세임대주택 등) 거주자, 주택도시기금 전세자금 대출자, 분양권이 있는 자 등은 지원에서 제외된다.지원 기간은 최장 3년으로 자격 요건이 충족될 경우 지원할 예정이다.
]"
non_phi,2023-09-11 3:02,대출 문턱 높인 저축銀-대부업체… “불법 사금융 피해” 신고 급증,https://n.news.naver.com/mnews/article/020/0003519853?sid=101,"[
두 업계 대출, 작년 60% 수준 그칠듯자금조달 비용 높아지자 규모 줄여중저신용자들, 불법 사금융 내몰려상반기 피해 신고 5년만에 최대치



중저신용자들이 주로 이용하는 저축은행과 대부업체가 대출 문턱을 높이면서 연간 가계신용대출 취급액이 지난해의 60% 수준에 그칠 것으로 보인다. ‘급전 창구’가 막히자 불법 사금융에 내몰리는 서민도 늘고 있다. 올 상반기(1∼6월) 금융감독원에 접수된 불법 사금융 피해 신고 건수는 5년 만에 최대였다. 10일 국회 정무위원회 소속 국민의힘 김희곤 의원실이 금융감독원으로부터 제출 받은 자료에 따르면 저축은행과 대부업체가 올 상반기에 새롭게 내준 가계신용대출은 각각 5조8000억 원과 6000억 원으로 집계됐다. 이러한 흐름이 계속되면 올 한 해 두 업계에선 12조8000억 원이 관련 대출로 나갈 것으로 전망된다. 이는 지난해 저축은행(17조2000억 원)과 대부업체(4조1000억 원)가 새로 내준 가계신용대출 21조3000억 원의 60.1%에 그친다.  



저축은행과 대부업체는 시중은행 등 금리가 상대적으로 낮은 1금융권에서 대출을 받기 힘든 중저신용자들의 ‘급전 창구’로 활용됐다. 하지만 이 업계들의 수익성이 악화되면서 서민들의 대출 문턱이 높아졌다. 고금리로 인해 자금조달 사정이 나빠진 데다 연체율 상승으로 대출 부실 우려가 커졌기 때문이다. 저축은행중앙회에 따르면 가계신용대출을 취급하는 저축은행은 지난해 7월 34곳에서 1년 만에 28곳으로 줄었다. 대부업계 관계자는 “법정최고금리를 높여서 수익성을 현재보다 보장해줘야 중저신용자들에 대한 대출이 더 이뤄질 것 아니냐는 목소리가 크다”고 했다.  중저신용자들은 정책금융상품으로 몰리고 있지만 정부 지원금액이 수요를 따라잡지 못하고 있다. 지난해 9월 시작돼 ‘오픈런 대출’로 불리는 ‘최저신용자 특례보증’이 대표적인 사례다. 신용평점 하위 10%를 대상으로 한 번에 최대 500만 원을 빌려주는 이 상품은 매달 새로운 자금이 공급되는 첫 영업일에 완판되는 실정이다. 신용평점 하위 20%이거나 저소득자가 대상인 ‘근로자햇살론’은 올 상반기에만 2조1991억 원이 취급돼 올해 목표치의 85%가 이미 소진됐다. 대출 창구가 막혀 벼랑 끝에 내몰린 중저신용자들은 고스란히 불법 사금융에 노출된 상황이다. 국회 운영위원회 소속 국민의힘 서범수 의원실이 금융감독원으로부터 제출받은 자료에 따르면 올 상반기 금감원에 접수된 불법 사금융 상담 및 신고 건수는 6784건이었다. 2019년 이후 5년 만에 가장 심각한 수준이다. 올 상반기의 상담 및 신고 건수의 세부 항목을 보면 미등록 대부업체 관련이 2561건(37.8%)으로 가장 많았고, 고금리 관련이 1734건(25.6%)으로 뒤를 이었다.  성태윤 연세대 경제학과 교수는 “한동안 저축은행이나 대부업체에 대한 관리를 느슨하게 해오던 금융당국이 고삐를 확 조이면서 불법 사금융으로 중저신용자들이 대거 몰리고 있다”며 “정책 기조가 냉온탕을 오가는 것은 지양해야 한다”고 지적했다.
]"
non_phi,2023-09-11 10:14,"핀다, 누적 70개 금융사와 제휴…우리은행 청년도약대출 선봬",https://n.news.naver.com/mnews/article/243/0000050031?sid=101,"[
저소득 청년 대상 확정금리 연 5.0% ‘청년도약대출’ 제휴직장인 신용대출·대환대출 상품도 함께 입점



[제공 핀다][이코노미스트 윤형준 기자] 핀다가 우리은행과 제휴하며 업계 최다 제휴 금융사와 대출 상품 라인업을 구축했다고 11일 밝혔다.우리은행의 합류로 업계 최다인 누적 70개 제휴 금융사와 300여개의 대출 상품을 보유하며 업계 1등 제휴력을 지닌 대출비교플랫폼의 입지를 공고히 했다는 게 핀다 측의 평가다. 또한 하나은행에 이어 우리은행까지 합류하면서 고객 선택의 폭이 늘어났다.이번 제휴로 우리은행의 청년 생활 안정자금 지원 상품인 ‘우리 청년도약대출’(새희망홀씨Ⅱ)이 입점했다. 청년도약대출의 가입 대상은 만 34세 이하 청년으로, 연소득 4000만원 이하 3개월 이상 재직한 급여 생활자이며 확정금리 연 5.0%로 제공한다.이 상품은 신용등급별로 대출 한도가 부여되고 1인당 최대 500만원까지 대출받을 수 있다. 상환 방식은 1년 만기 일시상환이며, 특히 총부채원리금상환비율(DSR)에 적용받지 않아 저소득 청년층의 금융부담을 대폭 완화할 것으로 기대된다.핀다는 우리은행 청년도약대출 외에 직장인 신용대출 상품 제휴를 맺고 직장인과 취약계층, 청년을 모두 아우르는 대출 상품 라인업을 강화했다. 여기에 대환대출 상품도 함께 입점하면서 이자 부담을 절감하려는 고객들의 수요가 앞으로 더욱 늘어날 것으로 보인다.이혜민 핀다 공동대표는 “금리 경쟁력을 갖춘 시중은행의 상품이 한꺼번에 입점하면서 다양한 계층의 고객들이 좋은 조건의 상품을 찾을 수 있는 선택의 폭이 넓어지게 되었다”며 “핀다는 앞으로도 업계 최고 수준의 상품 라인업과 정확도를 바탕으로 차별화된 대출 경험을 제공해 나갈 계획”이라고 말했다.한편 핀다는 현재까지 시중은행과 지방은행 등 1금융권을 비롯해 저축은행, 캐피탈, 카드, 보험 및 온라인투자연계금융업 등 다양한 종류의 금융업권과 제휴하며 대출 슈퍼앱으로 자리매김했다. 현재까지 앱 누적 다운로드 수 600만건을 돌파한 핀다는 누적 대출 금액 7조원을 넘어섰고, 핀다의 사용자들이 등록한 대출 관리 총액은 70조원 규모다. 
		]"
non_phi,2023-09-11 11:10,대환대출 미끼 보이스피싱 현금전달책 60대 여성 검거,https://n.news.naver.com/mnews/article/003/0012081818?sid=102,"[




[부산=뉴시스]원동화 기자 = 부산 해운대경찰서는 대환 대출을 미끼로 한 보이스피싱 조직의 연락을 받은 피해자를 만나 현금을 넘겨받으려 한 현금전달책 A(60대·여)씨를 사기미수 혐의로 검거해 검찰에 불구속 송치했다고 11일 밝혔다. 경찰에 따르면 A씨는 지난 7월 20일 오전 11시 3분께 해운대구의 한 거리에서 보이스피싱 조직의 연락을 받은 B(50대·여)씨를 만나 현금을 넘겨받으려 한 혐의다. 보이스피싱 조직은 B씨를 상대로 대환 대출을 미끼로 현금 800만원을 요구한 것으로 전해졌다. 신고를 받은 경찰은 현장에서 잠복해 있다가 현금을 받기 위해 나타난 A씨를 체포했다．
]"
non_phi,2023-09-11 11:14,"진주시, 하반기 신혼부부 주택구입 대출이자 지원하다",https://n.news.naver.com/mnews/article/079/0003811258?sid=102,"[
핵심요약10월 4일~27일 접수, 주택구입 대출잔액의 3% 이내 이자 지원주거비 부담완화 및 안정적 지역정착 지원



진주시청 제공경남 진주시는 오는 10월 4일부터 27일까지 신혼부부의 주거안정 도모를 위해 '하반기 신혼부부 주택 구입 대출이자 지원사업'을 추진한다고 11일 밝혔다.이번 사업은 주택구입 대출잔액(5000만 원 한도)의 3% 이내 이자(반기별 최대 75만 원)를 지원하는 것으로 상·하반기로 나누어 대상자를 모집하며 올해 상반기에 64가구에 대출이자를 지원했다. 하반기에는 2023년 1~6월분의 이자를 지원한다.지원 대상은 진주시에서 주택을 구입해 살고 있는 신혼부부로 △혼인기간 5년 이내 △부부 합산 연소득 8000만 원 이하 △전용면적 85m2 이하 △주택가격 4억 원 이하 등의 기준에 충족해야 한다. 신청기간은 10월 4일부터 27일까지이며 진주시청 주택경관과 방문 또는 '경남바로서비스'를 통해 온라인 신청도 가능하다.진주시 관계자는 ""이번 사업이 신혼부부의 주거비 부담을 완화하고 안정적인 보금자리 마련에 기여할 것으로 보인다""며 ""이러한 정책사업을 통해 지역 정착을 돕고 저출생 문제를 해결할 수 있도록 최선을 다할 것""이라고 말했다.※CBS노컷뉴스는 여러분의 제보로 함께 세상을 바꿉니다. 각종 비리와 부당대우, 사건사고와 미담 등 모든 얘깃거리를 알려주세요.이메일 : jebo@cbs.co.kr카카오톡 : @노컷뉴스사이트 : https://url.kr/b71afn
]"
non_phi,2023-09-11 6:00,5대 은행 기업대출 750조…금융당국 눈치에 '우회로',https://n.news.naver.com/mnews/article/119/0002747700?sid=101,"[
금리 낮추며 영업 '드라이브'규제 강화 대안 모색 '골몰'



5대 은행 간판. ⓒ연합뉴스[데일리안 = 김효숙 기자] 국내 5대 은행에서 기업에 내준 대출이 최근 반년 새 35조원 넘게 불어나면서 750조원에 육박한 것으로 나타났다. 최근 금융당국이 가계대출 증가세를 경계하고 나서자 은행권은 그 대안으로 기업대출 영업에 힘을 싣는 모습이다.11일 금융권에 따르면 지난 달 말 기준 KB국민·신한·하나·우리·NH농협 등 5대 은행의 기업대출 잔액은 747조4895억원으로 올해 2월 말보다 36조5657억원 증가했다.특히 대기업 대출의 성상제가 두드러졌다. 대기업 대출은 129조4044억원으로 같은 기간 18조3486억원 늘며 증가폭이 가장 컸다. 개인사업자대출을 포함한 중소기업 대출은 618조849억원으로 18조2171억원 늘었다. 개인사업자대출은 315조8306억원으로 4조5603억원 증가했다.올해 들어 기업대출은 꾸준한 증가세다. 지난 2월 710조9236억원으로 전월 대비 3조3195억원 늘어난데 이어 ▲3월 4조3796억원 ▲4월 4조7744억원 ▲5월 6조9111억원 ▲6월 5조 3242억원 ▲7월 6조5790억원 ▲8월 8조5974억원 등 그 폭이 확대되는 양상이다.기업대출이 확대된 배경에는 낮아진 금리가 자리하고 있다. 은행연합회에 따르면 5대 은행이 지난 5~7월 중소기업에 내준 신용대출 금리는 5.49~6.57%로 6개월 전보다 상단과 하단이 2.4%포인트(p)와 4.6%p씩 낮아졌다. 5대 은행이 중소기업에 내준 물적담보대출 역시 같은 기간 대비 5.28~5.50%으로 0.7%p 하락했다.금융권에서는 은행들이 가계대출 대신 기업대출로 눈을 돌리고 있다는 해석이 나온다. 올해 상반기부터 가계대출이 증가세가 심상치 않자 금융당국이 이를 주시하기 시작하면서다.실제로 5대 은행의 지난달 말 기준 가계대출 잔액은 680조8120억원으로 전월 말보다 1조5912억원 늘어나며 넉 달 연속 증가세를 이어가고 있다. 주택 시장이 되살아나며 주택담보대출 중심으로 수요가 회복한 영향이다.이를 경계하는 금융당국은 50년 만기 주담대 등에 대해 연령과 한도 제한 등 각종 규제를 검토하는 동시에 인터넷전문은행들을 상대로 가계부채 점검에 나서기도 했다. 은행들도 잇달아 50년 만기 주담대를 판매 중지하는 등 가계대출 영업에 대해 소극적인 태도로 돌아섰다.시중은행 관계자는 ""총부채원리금상환비율 등 규제에 더해 최근 금융당국이 가계대출 증가 여부를 예의주시하면서 은행도 가계대출 성장을 적극 꾀할 수 없는 상황""이라며 ""대신 기업대출 금리를 경쟁력 있게 제공하며 활로를 기업금융에서 찾고 있다""고 설명했다.기업대출 성장세는 전 금융권으로 넓혀 봐도 마찬가지다. 한국은행에 따르면 지난 6월 말 기준 산업 대출금 잔액은 1842조8000억원으로 전분기 말 대비 24조3000억원 증가했다. 산업별 대출금 증가 폭은 4분기 만에 확대됐다.서정석 한은 경제통계국 금융통계팀장은 ""예금은행이 완화적 대출 태도를 유지한 가운데 은행 대출보다 직접금융 메리트가 줄었다""며 ""이에 기업이 회사채 발행보다 은행 대출을 선호해 산업 대출금이 늘어났다""고 분석했다.
		]"
non_phi,2023-09-10 19:47,"HUG, 중도금대출 보증비율 80%→90% 상향조정…""시장 부담완화""",https://n.news.naver.com/mnews/article/001/0014183651?sid=101,"[




주택도시보증공사[주택도시보증공사 제공](서울=연합뉴스) 김치연 기자 = 주택도시보증공사(HUG)가 중도금대출 보증 비율을 기존 80%에서 90%로 상향했다.     이에 따라 금융기관의 부동산 프로젝트 파이낸싱(PF) 관련 대출 미회수 위험이 줄면서 분양계약자들의 금리 부담도 다소 완화할 것으로 보인다.    HUG는 지난 1일 이후 집단 취급 승인을 신청한 사업장을 대상으로 주택구입자금보증의 보증 비율을 기존 대출 금액의 90%로 조정했다고 10일 밝혔다.    HUG는 2016년 중도금대출의 보증 비율을 100%에서 90%로, 2019년에는 80%로 인하했다. HUG가 중도금대출 보증 비율을 상향 조정한 것은 이번이 처음이다.    HUG 관계자는 ""높은 부동산 PF 금리 등으로 분양 시장이 침체한 상태에서 보증 비율을 높여 전체적인 시장의 부담을 완화하는 효과를 기대하고 있다""고 말했다.    정부는 지난 7월 발표한 '2023년 하반기 경제정책방향'에서 HUG 중도금대출 보증 비율을 상향해 은행의 PF 관련 대출 미회수 위험을 완화하겠다고 예고한 바 있다.    chic@yna.co.kr
]"
non_phi,2023-09-10 14:23,전세자금·중도금대출 'DSR 규제 예외' 그대로.. 풍선효과 막기 역부족,https://n.news.naver.com/mnews/article/014/0005070018?sid=101,"[
가계대출 증가세에 DSR 미세조정 들어간 금융당국산정만기 최대 40년으로 제한, 50년 주담대에 '경고'다주택자 주담대·집단대출도 '자율적 자제 권고'전세자금·중도금대출에 예담대·현금서비스 등DSR 계산서 제외되는 '예외 대출' 多.. 풍선효과 우려 



사진=금융위원회 홈페이지 갈무리. [파이낸셜뉴스]가계대출 증가세에 금융당국이 총부채원리금상환비율(DSR) 규제 미세조정에 들어갔지만 풍선효과를 막기는 역부족이란 우려가 나온다. 중도금대출·전세자금대출·보험계약대출·예적금담보대출과 현금서비스 등 13개 'DSR 예외' 대상이 그대로 유지돼서다. 내년 1월까지 DSR 적용이 배제되는 특례보금자리론에, 애초에 규제 적용을 안 받는 대출 상품으로 수요가 몰릴 수 있다는 지적이다.    ■DSR만기 이달내 최대 40년으로 제한 10일 금융권에 따르면 금융당국은 이달내 DSR 산정만기를 최대 40년으로 제한하는 내용의 은행업감독업무시행세칙 개정안을 발표할 예정이다. 만기를 늘려 대출한도를 상향하는 식의 '규제 비켜가기'를 차단하겠다는 취지다. 실제 주담대 보유기간은 4~7년 수준으로 만기를 꼬박 채우는 경우는 많지 않다. 규정이 개정되면 50년만기, 45년만기 주담대도 약정만기가 아닌 산정만기 상한선(40년)에 맞춰 대출한도를 계산하게 된다. 가입 연령 제한은 규정 대신 은행 자율에 맡기기로 했다.   미세조정에도 불구하고 DSR 계산에서 제외되는 대출 유형이 많아 '풍선효과를 막기에는 역부족'이란 지적이 나온다.   실제 DSR 적용을 받지 않는 대출 증가세가 심상찮다. 지난 7월말 기준 은행권 전세자금대출 잔액은 161조원 수준으로 은행 전체 주담대(820조8000억원)의 20%에 달했다. 정책모기지 특례보금자리론은 지난 8월말 기준 유효신청금액이 35조4000억원으로 전체 한도(39조6000억원)의 89.39%를 채웠다.   서민들의 급전 창구로 활용되는 기타대출도 증가세다. 지난 6월말 기준 보험계약대출잔액은 68조9000억원으로 1년새 3조2000억원 증가했다. 4대 시중은행의 지난 7월말 예담대 잔액은 2조543억원으로 올해 1월말 대비 1827억원 증가했다. DSR 계산에서 제외되는 카드사 현금서비스(단기카드대출)도 늘고 있다. 지난 7월말 기준 8개 카드사 현금서비스 잔액은 전월대비 773억원 증가한 6조4078억원으로 집계됐다.   금융당국과 기획재정부, 한국은행 등 정책당국은 국내총생산(GDP) 대비 가계부채 비율을 축소하자는 데 공감하고 있다.   하지만 내년 4월 총선을 앞두고 DSR 규제를 강화하기 쉽지 않다는 분위기도 감지된다. 2021년 하반기 DSR 규제를 정비할 때 △소득 이외 빚을 갚을 수 있는 다른 원천(담보)이 있는 경우 △소액대출과 같이 DSR 적용이 행정비용만 더 드는 경우 DSR 계산에서 빼기로 했는데, 이런 원칙을 바꾸기는 부담스럽다는 것이다.   금융당국 고위 관계자는 ""전세자금대출이 급증한 데다 소득에 비해 전세보증금이 너무 높은 게 아니냐는 우려가 있어서 DSR 규제를 적용해야 한다는 의견이 있다""면서도 ""가계부채 증가세를 어떻게 평가하느냐에 따라 DSR 예외대상 조정에 대한 의견이 다르다""고 말했다.    ■은행권에 다주택자 신규 대출 자제 당부 당국에서는 일단 다주택자에 대한 신규 주담대, 중도금·잔금대출 취급과 관련 은행권에 '자체 관리'를 당부한 상황이다. 특히 집단대출을 받은 차주의 평균 DSR 수준이 높은 것으로 나타나 '투기 목적' 대출 가능성도 제기됐다. 금융권 고위 관계자는 ""정책모기지와 전세자금대출이 최근 5~10년간 신규 가계대출의 절반을 차지한 것으로 분석된다""면서도 ""당국이 가계부채 관리만을 목표로 정책을 펼치기는 쉽지 않을 것""이라고 말했다.    



자료=한국은행 경제연구원.부채축소를 강조하는 한국은행에서는 규제 강화에 힘을 싣고 있다.   한국은행 경제연구원 금융통화연구실은 이슈노트에서 ""대부분의 대출이 DSR에 포함되는 주요국과는 달리 전세자금·중도금 대출 등 상당수 대출이 DSR 적용을 받지 않고 있다""며 ""국내은행이 신규취급한 개별주담대·전세·집단대출에서 총부채상환비율(DTI) 규제의 적용을 받는 비중도 평균 23%에 그쳤다""고 지적했다. DSR 예외대상을 축소하고 담보인정비율(LTV) 수준이 높을수록 대출을 내줄 때 높은 가산금리를 적용하는 등 거시건전성 규제를 강화해야 한다는 제언이다. #금융감독원 #풍선효과 #가계부채 #금융위원회 #한국은행 #주담대 #총부채원리금상환비율 #50년만기주담대 #DSR산정  
]"
non_phi,2023-09-09 9:00,[다음주 경제] 8월 취업자·가계대출 얼마나 늘었나,https://n.news.naver.com/mnews/article/001/0014181570?sid=102,"[
금감원장·금융CEO, 런던에서 한국 투자설명회 (서울=연합뉴스) 신호경 이준서 임수정 기자 = 다음 주(11∼15일)에는 최근 일자리와 가계대출 상황을 가늠할 수 있는 지표들이 잇따라 공개될 예정이다.    우선 13일에는 통계청의 '8월 고용동향'이 발표된다.



이력서 작성하는 구직자들(울산=연합뉴스) 장지현 기자 = 30일 오후 '2023 찾아가는 울산 조선업 취업박람회'가 열린 울산 동구 전하체육센터에서 구직자들이 이력서를 작성하고 있다. 2023.8.30 jjang23@yna.co.kr    20만명대로 급감했던 취업자 수 증가 폭의 반등 여부가 관전 포인트다.     7월에는 집중호우와 맞물려 일용직이 급감하면서 취업자 수 증가 폭이 21만명으로 급감한 바 있다.    취업자 증가 폭은 지난 2월 31만2천명에서 3월 46만9천명으로 커졌다가 4월(35만4천명)과 5월(35만1천명), 6월(33만3천명)까지 30만명대를 유지해왔다.



[그래픽] 취업자 증가 추이(서울=연합뉴스) 원형민 기자 = 9일 통계청이 발표한 '7월 고용동향'에 따르면 지난달 취업자 수는 2천868만6천명으로 작년 같은 달보다 21만1천명 늘었다.    circlemin@yna.co.kr    페이스북 tuney.kr/LeYN1 트위터 @yonhap_graphics    청년층과 제조업의 고용은 부진하고, 고령층이 새로운 일자리를 주도하는 흐름도 주목할 부분이다.    기획재정부는 14일 세입과 세출, 재정수지, 국가채무 등이 담긴 '재정 동향 9월호'도 내놓는다.     한국은행은 13일 '8월 중 금융시장 동향'을 발표한다.     가계대출 추이에 관심이 집중되는데, 앞서 7월의 경우 예금은행의 가계대출(잔액 1천68조1천억원)이 다시 6조원 늘며 4월 이후 4개월 연속 증가세를 이어갔다.    지난달 50년 만기 주택담보대출 등을 중심으로 가계대출 수요가 많았던 만큼, 8월에도 다섯 달째 가계대출이 불었을 가능성이 크다.     이복현 금융감독원장과 6개 금융사 최고경영자(CEO)는 같은 날 영국 런던에서 열리는 해외 투자설명회(IR)에 참석해 한국 금융 산업 홍보에 나선다.     



[그래픽] 은행 가계대출 증감액 추이(서울=연합뉴스) 원형민 기자 = 한국은행이 9일 발표한 '7월 중 금융시장 동향'에 따르면 예금은행의 가계대출(정책모기지론 포함) 잔액은 7월 말 기준 1천68조1천억원으로 한 달 전보다 6조원 증가했다.    circlemin@yna.co.kr    페이스북 tuney.kr/LeYN1 트위터 @yonhap_graphics    shk999@yna.co.kr, jun@yna.co.kr, sj9974@yna.co.kr
]"
non_phi,2023-09-10 13:39,"진주시, 하반기 신혼부부 주택구입 대출이자 지원…최대 75만원",https://n.news.naver.com/mnews/article/003/0012080421?sid=102,"[
10월 4~27일 접수, 주거비 부담완화 및 안정적 지역정착 지원



[진주=뉴시스] 진주시청  *재판매 및 DB 금지[진주=뉴시스] 정경규 기자 = 경남 진주시는 오는 10월4일부터 27일까지 신혼부부의 주거안정 도모를 위해 ‘하반기 신혼부부 주택 구입 대출이자 지원사업’을 추진한다고 10일 밝혔다.이번 사업은 주택구입 대출잔액(5000만 원 한도)의 3%이내 이자(반기별 최대 75만원)를 지원하는 것으로 상·하반기로 나눠 대상자를 모집하며, 올 상반기에 64가구에 대출이자를 지원했다. 하반기에는 2023년 1~6월분의 이자를 지원한다.지원 대상은 진주시에서 주택을 구입해 살고 있는 신혼부부로 ▲혼인기간 5년 이내 ▲부부 합산 연소득 8000만원 이하 ▲전용면적 85m2 이하 ▲주택가격 4억원 이하 등의 기준에 충족해야 한다. 자세한 것은 시청 주택경관과 방문 또는 ‘경남바로 서비스’를 통해 온라인 신청도 가능하다.시 관계자는 “이번 사업이 신혼부부의 주거비 부담을 완화하고 안정적인 보금자리 마련에 기여할 것으로 보인다”며 “이러한 정책사업을 통해 지역 정착을 돕고 저출생 문제를 해결할 수 있도록 최선을 다할 것”이라고 말했다.
]"
non_phi,2023-09-10 14:46,이주비 대출 받으려면 시공사 연대보증 서라..‘리스크 다 떠 안나’ 반발,https://n.news.naver.com/mnews/article/014/0005070025?sid=101,"[
 



서울의 한 재건축 단지 공사 현장. 사진=연합뉴스 [파이낸셜뉴스] #.지방의 한 정비사업 조합은 얼마전 주택도시보증공사(HUG)에 '사업비 대출보증'을 신청했다. HUG로부터 보증서를 발급받아야 은행으로부터 이주비·사업비 등을 빌릴 수 있어서다. 하지만 HUG가 시공사인 A건설사에 연대보증을 요구하고 나섰다. 시공사인 A사는 연대보증을 서게 되면 사업 지연·무산 시 부실을 떠 안게 돼 난색을 표하고 있다.   10일 건설업계에 따르면 HUG가 정비사업 자금대출 보증 협의 단계에서 리스크 관리를 이유로 시공사에 연대보증을 요구하는 사례가 적지 않은 것으로 알려졌다.   연대보증은 2008년 금융위기 때 문제가 돼 사실상 사문화됐다. 건설업계는 ""연대보증 요구는 과거로 회귀해 시공사에 모든 리스크를 전가하는 것""이라고 목소리를 높이고 있다.   재개발·재건축·가로주택정비사업 등 정비사업 조합들은 사업 진행 과정에서 이주비·사업비 등을 빌린다. 삼성물산 등 극히 일부 건설사만 자체자금으로 지원하고 있다. 대부분의 조합들은 HUG로부터 사업비 대출보증을 받아 금융기관으로부터 돈을 빌리고 있다.   조합들이 자금조달을 위해 사업비 대출보증을 신청하는 경우 HUG는 신용보강의 일환으로 시공사의 '책임준공'을 요구한다. 하지만 최근 들어 시공사의 연대보증 없이는 보증을 해 줄 수 없다는 사례가 늘고 있는 것이다.   B 건설사 임원은 ""시공사 연대보증은 대구 등 지방 일부 지역에서 요구하다가 최근에는 수도권 사업장까지 확산되는 모양새이다""고 말했다. C 건설사 관계자도 ""수도권에서도 연대보증 요구를 받았다는 경우가 늘고 있다""며 ""업체들이 공개를 안할 뿐이지 심각하게 인식하고 있다""고 말했다.   건설사들은 정비사업 특성상 시공사가 공사비만 부담하는 책임준공만으로도 충분히 신용보강이 가능하다는 입장이다. 조합이 토지를 보유한 데다 조합원들의 분담금으로 사업 추진이 가능하기 때문이다.   무엇보다 2008년 금융위기 때 연대보증으로 다수의 건설사가 도산하면서 보증기관·시행사·시공사 등이 리스크를 분산토록 개선된 점을 꼽고 있다. 연대보증 요구는 보증기관이 의무를 회피하는 것이라고 주장한다.   HUG는 이에 대해 연대보증은 일부 신용보강 차원에서 이뤄지고 있다는 설명이다.   HUG 관계자는 ""연대보증이 늘고 있는 것은 아니고, 모든 사업장에 일괄적으로 요구하고 있지도 않다""며 ""분양률이 낮거나 리스크가 큰 사업장에 한해 신용보강 차원에서 제한적으로 이뤄지고 있는 것으로 알고 있다""고 말했다.   한편 HUG에 따르면 사업비 대출보증 승인 건수는 꾸준히 줄고 있다. 2020년 66곳, 2021년 67곳에 달했으나 지난해에는 48곳으로 감소했다. 올해 들어서도 상반기까지 20곳만이 사업비 대출보증 승인을 받는데 그쳤다.
		]"
non_phi,2023-09-11 6:18,"HUG, 중도금대출 보증 비율 80%에서 90%로 상향",https://n.news.naver.com/mnews/article/374/0000350586?sid=101,"[




주택도시보증공사, HUG가 중도금대출 보증 비율을 처음으로 상향 조정했습니다.HUG는 지난 1일 이후 집단 취급 승인을 신청한 사업장을 대상으로 주택구입자금보증의 보증 비율을 기존 80%에서 90%로 조정했다고 어제 밝혔습니다.HUG는 ""높은 부동산 PF 금리 등으로 분양 시장이 침체한 상태에서 전체적인 시장의 부담을 완화하는 효과를 기대한다""고 말했습니다.당신의 제보가 뉴스로 만들어집니다.SBS Biz는 여러분의 제보를 기다리고 있습니다.홈페이지 = https://url.kr/9pghjn
]"
non_phi,2023-09-08 16:11,못난 아들 CGV 돈 주려고... 산은 대출 받고 신주인수권 매도한 CJ,https://n.news.naver.com/mnews/article/366/0000930629?sid=101,"[
CJ, 신주인수권 매도 대금 챙기고 대출까지작년에 1071억 벌었는데 올해 6월말 기준 단기 부채 1450억CJ CGV, 기존 주주 청약률 89.4%…다음주 일반 투자자 대상 공모 시작        2018년부터 5년 연속 적자를 기록한 CJ CGV가 주주들에게 도와달라고 손을 벌렸다. 대주주도 예외는 아니었다. CJ CGV의 대주주인 CJ는 자회사의 재무 구조를 개선하기 위해 현금을 출자했는데, 이 돈의 출처는 대부분 대출이었다. CJ가 은행으로부터 돈을 꿔와 CJ CGV에 쏟아부은 것이다.



유상증자에 따른 신주 취득에 필요한 자금 조성 내역/금융감독원 제공        8일 금융감독원에 따르면 CJ는 지난 6일 CJ CGV의 주식을 1000억원(1798만5611주)어치 매수했는데, CJ는 이 중 700억원을 은행에서 빌렸다. 차입처는 KDB산업은행 등으로 차입 기간은 1개월이고 금리는 공시되지 않았다. CJ CGV를 돕기 위해 CJ가 금융기관으로부터 대출을 받은 것이다. CJ의 자금 사정도 넉넉하진 않은 것으로 해석되는 대목이다.실제 CJ가 1년 안에 갚아야 하는 돈은 지난 한 해 벌어들인 수익보다 더 많은 것으로 나타났다. 지난해 CJ의 별도 기준 당기순이익은 1071억원이었는데 올해 상반기 유동 부채, 즉 1년 안에 만기가 도래하는 부채는 1450억원이다. CJ CGV의 유상증자로 인해 이번에 KDB산업은행 등에서 받은 대출은 유동 부채의 절반에 해당하는 금액이다. 이 탓에 전날 한 신용평가사는 CJ와 롯데, SK를 재무구조 개선 필요 대상 그룹으로 언급하기도 했다.시장에서는 CJ CGV가 유상증자 계획을 밝힐 당시 CJ가 소극적인 태도를 보인 것이 설명이 된다는 반응이 나오고 있다. 6월 20일 CJ CGV는 신주 발행으로 5700억원을 조달하겠다면서 증자의 방식은 주주 배정 후 실권주 일반 공모로 진행하겠다고 공시했다. 지분율대로라면 CJ CGV 지분 48.5%를 보유한 대주주 CJ는 유상증자로 2764억원을 내놔야 했다.하지만 CJ는 600억원만 출자한다고 밝혔다. 그러면서 CJ의 또 다른 자회사인 CJ올리브네트웍스를 CJ CGV에 넘기기로 했다. 현금이 아닌 현물로 대체하겠다는 뜻이다. CJ에 따르면 한영과 하온회계법인이 현금흐름할인법을 적용해 산출한 CJ올리브네트웍스의 가치는 4444억원이다.대주주로서 책임을 다하지 못했다는 비판과 CJ올리브네트웍스는 비상장법인이기 때문에 4444억원이라는 가치를 믿을 수 없다는 주주들의 반발에 CJ는 결국 600억원에서 1000억원으로 출자금을 올렸다.



CGV 용산 아이파크몰점        유상증자는 기업이 신주 예정 발행가(1차 발행가) 공개→신주인수권 거래→최종 발행가(2차 발행가) 확정→기존 주주의 청약→(기존 주주의 청약이 목표치에 미달했을 경우) 실권주 공모→신주 상장의 순서로 진행된다. 신주인수권이란 신주를 인수할 수 있는 권리인데, 기존 주주가 유상증자 참여를 원치 않을 경우 이를 시장에서 팔 수 있다.CJ가 그랬다. CJ는 신주인수권 거래 단계였던 지난달 17일, 신주인수권 중 일부를 팔아 약 40억원을 챙겼다. CJ CGV는 기존 주식 1주당 신주 1.4085574674주를 배정했는데, CJ는 이렇게 받은 신주인수권 중 일부인 1327만1845주를 증서당 290원에 기관 투자자에게 팔았다. 이 거래로 CJ는 38억4883만원을 얻었다. 사실 그간 사례를 보면 적지 않은 대기업이 유증 참여를 못할 경우 주가 하락에 대한 책임 때문에 신주인수권을 고의로 소멸시키는 경우가 많았는데, 자금 사정이 좋지 않은 CJ는 그런 선택은 하지 못한 것이다.전날로 CJ CGV의 기존 주주 청약은 마무리됐다. 6678만2357주가 모이며 청약률 89.40%를 기록했다. 유상증자로 조달한 자금(4153억3200만원) 중 절반 이상(2253억3200만원)을 채무 상환 용도로 사용하고, 대주주가 신주인수권 일부를 판 데다가 유상증자 발표 후 주가가 30% 이상 빠진 것을 고려하면 양호한 청약률이다.나머지 10.60%(791만7643주)는 오는 11~12일 주주가 아닌 일반 투자자를 대상으로 공모를 진행한다. 신주 발행가액은 주당 5560원이다. 이날 주가인 6980원보다 20.34% 낮은 수준이다.현재 주가보다 낮다고 해서 유상증자 청약이 무조건 유리한 건 아니다. CJ CGV의 유상증자는 기존에 유통되는 주식 수(4772만8537주)보다 신주(7470만주)를 약 1.5배 넘게 찍어내는 대규모 유상증자이기 때문이다. 기존 주주의 가치가 희석될 수 있는 데다가 회사의 재무구조가 심상치 않다는 신호이기 때문에 신주 발행가액보다 주가가 더 빠질 가능성도 있다. 신주는 이달 27일 상장된다.
]"
non_phi,2023.09.11. 오전 11:37,"
			청소년 母 ""남친, 내 신분증 도용해 1600만 원 대출""…김수찬 표정관리 실패 (고딩엄빠4)
		",https://n.news.naver.com/mnews/article/311/0001637553?sid=106,"[
 
(엑스포츠뉴스 윤현지 기자) MBN '어른들은 모르는 고딩엄빠4'에 트로트 가수 김수찬이 출연, 고구마를 '대량 투하'한 청소년 엄마의 사연으로 인해 끝내 표정 관리에 실패한다.오는 13일 방송하는 MBN '어른들은 모르는 고딩엄빠4(이하 '고딩엄빠4')' 8회에서는 '프린수찬' 김수찬이 출연해 3MC 박미선-인교진-서장훈과 반가운 인사를 나눈다. 이날 김수찬은 시작부터 ""카메라가 어디 있나요? 첫 출연이라 예쁘게 보여야 해서""라고 물은 뒤, '프린수찬' 특유의 '흥 폭발' 끼를 발산한다. 이어 ""어머니가 20세에 나를 낳은 '원조 고딩엄마'""라며 고딩엄빠들과 남다른 공감대를 형성한 뒤, ""녹화 내내 어린 시절 생각이 많이 날 것 같다""며 기대감을 드러낸다.이날의 주인공으로는 20세에 엄마가 된 '청소년 엄마' 석찬희가 출연한다. 이날 석찬희는 재연드라마를 통해 ""어린 시절 부모님의 이혼 후 엄마 밑에서 자랐는데, 방황하던 고등학생 시절 엄마가 암 말기 판정을 받아 끝내 돌아가셨다""며 ""이후 아버지를 12년 만에 만나 함께 살게 됐다""는 안타까운 과거사를 밝힌다.  
이와 함께 ""남자친구를 보자마자 첫눈에 반해 만남 첫날부터 동거를 시작했다""는 어마무시한 '연애 속도'와 함께, ""남자친구가 나의 신분증을 이용해 1600만 원을 대출받았다는 사실을 알게 됐지만, 너무 좋아하는 마음에 용서해 주고 동거를 이어 나갔다""고 전해 출연진의 말문을 틀어막는다.점점 심각해지는 사연의 수위에 김수찬은 ""아직 이야기가 초반부인데, (강도가) 지금부터 더하면 더했지 덜하진 않을 것 아니냐""고 물은 뒤 급격한 피로를 호소하기 시작한다. 역대급 롤러코스터 스토리에 과몰입하던 김수찬은 급기야 ""기가 막힌다""며 손에 쥐고 있던 볼펜을 떨어트리고, 잠시 뒤를 돌아보며 심호흡을 하는 등 표정 관리에 실패한다. 긍정보이 김수찬에게 정신적 스트레스를 호소하게 만든 청소년 엄마 석찬희의 파란만장한 인생사에 궁금증이 모인다.제작진은 ""김수찬이 청소년 엄마의 '고구마 행보'에 대해 '일정한 루틴이 있다'고 분석하며 애정 어린 쓴소리를 가하는가 하면, '촬영이 끝난 뒤 도수 치료를 받으러 가야겠다'며 엄청난 후유증을 호소하기도 했다. 적재적소에 '사이다 발언'을 뿌려준 김수찬의 맹활약과, 용기를 내 '고딩엄빠4'의 문을 두드린 석찬희의 일상을 따뜻한 시선으로 지켜봐 주시길 부탁드린다""고 밝혔다.'어른들은 모르는 고딩엄빠' 8회는 13일 오후 10시 20분 방송한다.사진=MBN
			]"
non_phi,2023-09-11 5:00,"쪼그라든 '서민 대출 창구'…예금금리 뛰자 ""역마진 우려""",https://n.news.naver.com/mnews/article/025/0003306848?sid=101,"[
			  대표적 서민 급전 창구인 대부업과 저축은행의 신규 대출이 크게 줄어든 것으로 나타났다. 통화당국의 긴축 기조가 장기간 이어지면서, 자금 조달 비용이 크게 오른 영향이다.     ━   상반기 대부·저축은행 신규 대출 큰 폭 감소      



김영옥 기자           11일 김희곤 국민의힘 의원실이 서민금융진흥원에 제출받은 자료에 따르면 올해 상반기(6월 기준) 대부업체가 새로 가계에 신용대출을 내어 준 금액은 6000억원으로 집계됐다. 이는 지난해 대부업체가 1년 동안 공급한 신규 가계신용대출 규모(4조1000억원)의 14.6% 수준이다. 비슷한 추세가 하반기에도 이어진다면, 올해 대부업체의 신규 가계신용대출은 지난해 대비 약 30%에 그칠 전망이다.      역시 서민이 자주 찾는 저축은행도 사정이 비슷하다. 김 의원실 자료에 따르면 올해 상반기(6월 기준) 79개 저축은행의 신규 가계신용대출 공급액은 5조8000억원으로 지난해 전체 공급 규모(17조2000억원)의 33%에 불과하다.     ━   시중은행 예금금리 상승에 “역마진 우려”      



김영옥 기자           대부업계와 저축은행의 가계 대출 규모가 크게 줄어든 건 대출을 해줘도, 이익이 남지 않는 ‘역(逆)마진’ 우려 때문이다. 지난해부터 시작한 미국 연방준비제도(Fed)의 급격한 기준금리 인상에 한국은행도 최근까지 긴축 기조를 이어가고 있다. 물가 상승 우려에 긴축 기조가 장기화하면서, 자금 조달 비용도 많이 늘어났다.      전국은행연합회 공시에 따르면 최근 시중은행 정기예금(12개월) 상품 중 최고 금리는 4.1%에 달한다. 10일 저축은행중앙회가 공시한 저축은행 정기예금 평균 금리(4.16%)와 큰 차이가 없다. 지난해 말 수신 경쟁으로 금리가 크게 오른 정기예금 상품 1년 만기가 올해 말에 다가오기 때문에, 시중은행들은 자금 유치를 위해 예금금리를 더 올릴 가능성이 있다.      시중은행보다 금리를 약 1%포인트 가까이 더 올려야 하는 저축은행으로서는 시중은행이 예금금리를 올릴수록 자금 조달 비용이 늘어난다. 법정 최고금리(20%)가 제한된 가운데 자금을 끌어오는 비용만 늘면 대출을 해도 손해를 보는 상황이 발생할 수밖에 없다.      저축은행 한 관계자는 “시중은행은 은행채 등 다양한 방식으로 자금 조달이 가능하지만 우리는 오로지 예금뿐”이라면서 “예금 금리가 너무 오르면, 손해를 보지 않기 위해 대출을 줄일 수밖에 없다”고 했다.     ━   높아진 연체율에 자금 여력 뚝      



2금융권 연체율 추이 그래픽 이미지. [자료제공=금융감독원]           커지는 대출 부실 우려도 문제다. 부동산 프로젝트파이낸싱(PF) 불안이 계속하는 가운데, 신종 코로나바이러스 감염증(코로나19) 확산 당시 비정상적으로 낮아졌던 연체율이 다시 상승하고 있다. 금융감독원에 따르면 지난 6월 말 저축은행 평균 연체율은 5.33%로 지난해 말 대비 1.92%포인트 급등했다.      이 때문에 한국신용평가도 최근 보고서에서 “하반기 이후 부동산금융 및 개인신용대출 부실이 본격화될 것”이라며 “예수금(12개월)보다 대출금(34개월) 평균 만기가 긴 만기 불일치 위험은 유동성 관리 측면에서 리스크 요인으로 작용할 수 있다”고 지적했다.       연체율이 상승하면 그만큼 경영 상황이 악화하고 대손충당금도 쌓아야 하므로 대출 여력이 줄어든다. 실제 올해 2분기 저축은행 5개사(SBI·OK·웰컴·페퍼·한국투자저축은행) 대손충당금은 2조6117억원으로 지난해 2분기(2조3605억원) 대비 2512억원(10.6%) 증가했다.     ━   “법정금리 유연하게 적용해야”      서민들이 당장 돈 구할 통로가 막히면 결국 불법 사금융 시장으로 몰릴 수밖에 없다. 한국대부금융협회에 따르면 지난해 불법 사채 피해는 6712건으로 집계됐다. 이들의 평균 대출액은 382만원, 평균 금리는 414%에 달했다.      이 때문에 일각에서는 현재 일률적으로 적용되는 법정 최고금리를 시장 상황에 맞게 유연하게 바꿔야 한다는 목소리가 나온다. 또 정부가 중저신용자를 위한 정책금융 공급을 획기적으로 늘려야 한다는 지적도 있다. 석병훈 이화여대 경제학과 교수는 “저축은행과 대부업체 대출이 중단하면, 저신용·소득자들은 불법 사금융에 몰릴 가능성이 높다”면서 “법정 최고금리를 기준금리와 연계해 탄력적으로 조정해줘, 이들에 대한 제도권 대출이 끊어지지 않게 할 필요가 있다”고 했다.  
]"
non_phi,2023-09-10 16:23,"저축은행 기업대출 부실 위험, 부동산·건설업 중심 확산",https://n.news.naver.com/mnews/article/028/0002655933?sid=101,"[
금융연구원 ‘기업부채 리스크와 여신 건전성 추정’



서울 시내 한 저축은행 앞. 연합뉴스최근 저축은행 기업대출 중에 부동산 관련 업종을 중심으로 부실 위험이 빠르게 증가하고 있으며, 손실 흡수 능력을 갖추려면 자본 확충이 필요하다는 지적이 나왔다. 한국금융연구원이 10일 내놓은 ‘기업부채 리스크와 여신 건전성 추정’ 보고서를 보면 최근 5년간 국내 비금융 기업부문의 총부채 가운데 부실기업의 부채 증가율이 전체 기업에 견줘 2배가량 높은 것으로 분석됐다. 이지언 금융연구원 선임연구위원은 “코스피·코스닥·코넥스 기업에 외부감사법인(외감법인)까지 포함해 약 3만5천개 기업의 회계정보 자료를 이용해 2018년~2022년 부채 리스크(부도확률)를 측정하고 확률이 10%를 초과하면 부실기업으로 분류했다”며 “부실기업 부채가 매우 빠르게 증가하는 가운데 부동산업, 운수업, 건설업의 부실이 가장 크다”고 진단했다. 분석대상 기업의 총부채는 2018년 1719조원에서 2022년 2719조원으로 연평균 12% 증가했는데 이 기간에 부실기업 부채는 91조원에서 213조원으로 연평균 24%의 증가율을 기록했다. 또 부실기업 부채가 전체 기업부채에서 차지하는 비중은 2018년 5.3%에서 2022년 7.8%로 증가했다. 2022년 말 현재 업종별 부실기업 부채 비중을 보면, 농림어업·광업을 제외하면 부동산업이 29.3%로 가장 높았고 운수업(8.6%)과 건설업(8.1%) 부실 비중도 전체 평균을 웃돌았다. 이 선임연구위원은 “부동산업의 부실기업 증가는 주택경기 부진으로 임대·중개업의 수익성이 떨어지고, 부동산 프로젝트파이낸싱(PF) 부실로 일부 개발·시행사업의 재무 건전성이 악화한 때문”이라고 설명했다. 건설업도 부동산 피에프 부실 우려와 사업 지연에다 아파트 분양 저조와 원자재 가격 상승으로 재무적 어려움을 겪고 있는 것으로 분석됐다.보고서는 업종별 부실기업 비중과 부도확률을 은행과 저축은행의 대출 구성(대출 포트폴리오)에 적용해 기업대출 부실에 대한 흡수 능력을 업권별로 측정했다. 그 결과 2022년 말 기준 저축은행의 부실대출액은 자기자본 대비 18.8%로, 일반은행(11.8%)보다 훨씬 높았다. 이 선임연구위원은 “이는 저축은행의 손실부담 능력이 은행에 비해 상대적으로 떨어진다는 것이어서 저축은행의 자본확충 필요성을 보여준다”고 말했다. 
]"
non_phi,2023-09-08 12:02,"檢, 1300억대 PF대출 횡령 혐의 경남은행 직원 구속기소",https://n.news.naver.com/mnews/article/079/0003810663?sid=102,"[
시행사 대출금 상환자금 빼돌리고대출신청서 위조해 대출 실행하기도횡령액 1300억 달해…""실제 피해 약 500억""



은신처에서 압수한 가방 속 현금. 서울중앙지방검찰청 제공검찰이 부동산 프로젝트파이낸싱(PF) 대출금 1300억원을 횡령한 혐의로 경남은행 투자금융부장을 구속기소했다.서울중앙지검 범죄수익환수부(임세진 부장검사)는 특정점죄경제가중처벌법상 횡령 혐의로 경남은행 전 투자금융부장 이모씨를 구속 기소했다고 8일 밝혔다.검찰에 따르면 이씨는 2016년 8월부터 2021년 10월까지 PF대출 시행사 3곳의 원리금 상환자금 699억여원을 횡령한 혐의를 받는다. 이씨는 이 과정에서 시행사 명의 출금 전표를 위조하고 돈을 가족이나 유령회사 명의 계좌로 송금한 것으로 밝혀졌다.



김치통에서 압수한 현금·수표. 서울중앙지방검찰청 제공이씨는 또 2019년 7월부터 지난해 7월까지 추가 대출 신청서를 위조해 대출을 실행시키는 등 약 688억원을 횡령한 혐의도 받고 있다.검찰은 이렇게 횡령한 1387억원을 이씨가 기존 횡령 자금에 대한 '돌려막기' 등 용도로 사용했다고 밝혔다. 이에 따라 실제 경남은행이 밝힌 실제 은행 피해액 규모는 약 500억원 정도로 추산된다.검찰은 이씨가 도주 자금을 마련하기 위해 횡령액 중 147억여원을 골드바와 현금, 상품권, 달러 등으로 바꿔 오피스텔 세 곳에 나눠 숨긴 사실도 밝혀내 함께 재판에 넘겼다.※CBS노컷뉴스는 여러분의 제보로 함께 세상을 바꿉니다. 각종 비리와 부당대우, 사건사고와 미담 등 모든 얘깃거리를 알려주세요.이메일 : jebo@cbs.co.kr카카오톡 : @노컷뉴스사이트 : https://url.kr/b71afn
]"
non_phi,2023-09-10 11:05,"‘300만원 빌리기도 어려워’ 대형 저축은행, 소액대출 취급 줄여",https://n.news.naver.com/mnews/article/277/0005311905?sid=101,"[
상위 7개 저축銀 중 5곳 취급액 감소연체율 관리, 대출 심사 강화해대형 저축은행 대다수가 올 상반기 300만원 이하 소액신용대출을 줄인 것으로 나타났다. 건전성 관리 차원이지만 저신용자들의 급전 통로가 좁아지고 있다는 우려가 나온다.10일 각 저축은행 경영공시를 분석한 결과, 자산규모 상위 7개 저축은행(SBI·OK·한국투자·웰컴·페퍼·애큐온·다올) 중 5곳이 올해 상반기 소액신용대출 취급액을 줄였다. 웰컴저축은행이 작년 말 808억원에서 올해 2분기 660억원으로 감소폭(148억원)이 가장 컸고, SBI저축은행이 같은 기간 93억원(2037억원→1944억원)을 줄여 뒤를 이었다. 이어 페퍼 21억원(301억원→280억원), 한국투자 13억원(369억원→356억원), 애큐온 3억(125억원→122억원) 순이었다.소액신용대출은 대출액이 300만원 이하인 대출로, 대형 저축은행들이 주로 취급한다. 올 2분기 상위 7개 저축은행의 소액신용대출 취급액은 6940억원으로, 소액신용대출을 10억원 이상 취급한 37개 저축은행 합산액(1조452억원)의 66%를 차지했다.소액신용대출은 건당 액수가 적고 저신용·저소득 차주들이 급전 마련을 위해 이용하는 경우가 많아 금리 수준이 일반신용대출보다 높다. 한국은행에 따르면 지난 7월 기준 저축은행의 소액신용대출 금리는 연 17.68%로 일반신용대출 금리(연 16.38%)보다 1.3%포인트 높다.이들 저축은행이 소액신용대출을 축소하는 건 건전성 관리 때문이다. 연체율 악화를 겪으면서 상대적으로 리스크가 큰 저신용자 대상 대출부터 조이기 시작한 것이다. 한 대형 저축은행 관계자는 “리스크 관리를 위해 대출 심사를 강화하면서 신용등급이 낮은 이들이 이용하는 소액신용대출에서도 탈락 사례가 늘어났다”고 설명했다.소액신용대출 연체율은 총대출 연체율보다 높은 수준이다. 한국투자저축은행의 경우 올 2분기 소액신용대출 연체율이 13.58%로 연체율(4.13%)보다 9.45%포인트 높았고, 애큐온저축은행은 12.44%로 연체율(4.38%)보다 8.06%포인트 높았다. 웰컴저축은행도 연체율 대비 2.72%포인트 더 높았다. 악화 속도도 빨랐다. 이들은 1년 전보다 소액신용대출 연체율이 0.07~5.26%포인트 뛰어올랐다.이런 가운데 업계에서 소액신용대출 취급 규모가 가장 큰 OK저축은행은 반년 만에 소액신용대출액이 735억원 불어났다. 이 저축은행의 지난해 말 소액신용대출 취급액은 2145억원이었는데 올 2분기 2880억원으로 늘었다. 소액신용대출 채권의 매각 확대와 리스크 관리로 연체율은 같은 기간 7.08%에서 3.67%로 3.41%포인트 줄었다.



[이미지출처=연합뉴스]
]"
non_phi,date,title,link,content
non_phi,2023-09-11 8:48,"""왜 엄마한테 욕해""…70대 부친 말리다 앞니 부러뜨린 아들",https://n.news.naver.com/mnews/article/001/0014183921?sid=102,"[




순찰차[연합뉴스TV 제공. 재판매 및 DB 금지](부천=연합뉴스) 손현규 기자 = 어머니에게 욕설한 70대 아버지를 말리다가 앞니를 부러뜨린 40대 아들이 경찰에 붙잡혔다.    경기 부천 소사경찰서는 존속상해 혐의로 40대 A씨를 체포해 불구속 입건했다고 11일 밝혔다.    A씨는 전날 오전 7시 50분께 부천시 소사본동 자택에서 70대 아버지 B씨를 밀쳐 앞니를 부러뜨린 혐의를 받고 있다.    A씨는 사건 발생 후 직접 112에 신고한 뒤 현행범으로 체포됐다.     그는 경찰 조사에서 ""평소 폭력적인 아버지가 어머니에게 또 욕설을 했다""며 ""말리다가 팔을 깨물렸고, 빼는 과정에서 아버지 앞니가 다쳤다""고 진술했다.    경찰 관계자는 ""A씨를 조사한 뒤 일단 석방했다""며 ""정확한 경위는 추가로 조사할 예정""이라고 말했다.    son@yna.co.kr
]"
non_phi,2023.09.11. 오전 10:38,"
			'고딩엄빠4' 김수찬 ""20세때 날 낳은 모친, 원조 고딩엄마""
		",https://n.news.naver.com/mnews/article/421/0007041692?sid=106,"[
 
MBN(서울=뉴스1) 장아름 기자 = '어른들은 모르는 고딩엄빠4'에 트로트 가수 김수찬이 출격해 가정사를 고백한다. 오는 13일 오후 10시20분 방송되는 MBN '어른들은 모르는 고딩엄빠4'(이하 '고딩엄빠4') 8회에서는 '프린수찬' 김수찬이 출연해 3MC 박미선 인교진 서장훈과 반가운 인사를 나눈다. 녹화 당시 김수찬은 시작부터 ""카메라가 어디 있나요?""라고 물은 뒤 ""첫 출연이라 예쁘게 보여야 해서""라며 '프린수찬' 특유의 흥 넘치는 끼를 발산한다. 이어 ""어머니가 20세에 나를 낳은 '원조 고딩엄마'""라고 '고딩엄빠'들과 남다른 공감대를 형성하는가 하면 ""녹화 내내 어린 시절 생각이 많이 날 것 같다""는 기대감을 드러냈다. 이날 촬영의 주인공으로는 20세에 엄마가 된 '청소년 엄마' 석찬희가 출연했다. 석찬희는 재연드라마를 통해 ""어린 시절 부모님의 이혼 후 엄마 밑에서 자랐는데, 방황하던 고등학생 시절 엄마가 암 말기 판정을 받아 끝내 돌아가셨다""며 ""이후 아버지를 12년 만에 만나 함께 살게 됐다""는 안타까운 과거사를 밝혔다. 이어 석찬희는 ""남자친구를 보자마자 첫눈에 반해 만남 첫날부터 동거를 시작했다""며 남달랐던 연애 속도를 밝히고는 ""남자친구가 나의 신분증을 이용해 1600만 원을 대출받았다는 사실을 알게 됐지만 너무 좋아하는 마음에 용서해주고 동거를 이어나갔다""고 전해 출연진의 말문을 틀어막았다.점점 심각해지는 사연의 수위에 김수찬은 ""아직 이야기가 초반부인데, (강도가) 지금부터 더하면 더했지 덜하진 않을 것 아니냐""고 물은 뒤 급격한 피로를 호소하기 시작했다. 역대급 롤러코스터 스토리에 과몰입하던 김수찬은 급기야 ""기가 막힌다""며 손에 쥐고 있던 볼펜을 떨어트렸고, 잠시 뒤를 돌아보며 심호흡을 하는 등 표정 관리에 실패했다. '긍정 보이' 김수찬에게 정신적 스트레스를 호소하게 만든 청소년 엄마 석찬희의 파란만장한 인생사에 더욱 이목이 집중된다. 제작진은 ""김수찬이 청소년 엄마의 '고구마 행보'에 대해 '일정한 루틴이 있다'고 분석하며 애정 어린 쓴소리를 가하는가 하면 '촬영이 끝난 뒤 도수 치료를 받으러 가야겠다'고 엄청난 후유증을 호소하기도 했다""며 ""적재적소에 '사이다 발언'을 뿌려준 김수찬의 맹활약과 용기를 내 '고딩엄빠4'의 문을 두드린 석찬희의 일상을 따뜻한 시선으로 지켜봐 주시길 부탁드린다""고 밝혔다. '고딩엄빠4' 8회는 이날 오후 10시20분 방송된다.
			]"
non_phi,2023-09-11 9:10,"엄마 시신 옆 구조된 4살, 출생기록 없는 ‘미등록 아동’이었다",https://n.news.naver.com/mnews/article/022/0003854044?sid=102,"[
미등록 아동 전수조사서도 포착 안돼…친자 확인 검사 진행 



   지난 9일 네살배기 아들을 남겨두고 숨진 40대 여성이 살았던 전북 전주시 한 빌라 입구. 우편함에 공과금 고지서가 붙어있다. 전주=연합뉴스       전북 전주시 빌라에서 생활고에 시달린 것으로 추정되는 40대 여성이 숨지고 4세 아들이 쓰러진 채 발견된 가운데, 해당 남아가 출생신고도 되지 않은 ‘미등록 아동’으로 확인됐다.     11일 전북경찰청 등에 따르면 지난 8일 오전 9시55분쯤 전주시 완산구 한 빌라 3층에서 부패된 채 발견된 여성 A(41)씨 시신 곁에 B(4)군이 의식을 잃은 채 쓰러져 있었다. B군은 상당 기간 음식물을 먹지 못해 건강 상태가 악화된 상태였으나 다행히 생명에는 지장이 없는 것으로 전해졌다.     경찰은 여성이 이 아이의 친모로 추정되지만, 가족관계등록부에는 올라 있지 않아서 출생신고 자체가 누락된 것으로 보고 국과수에 친자 확인 검사를 의뢰했다. B군은 정부가 지난 6월과 7월 출생신고가 안 된 미등록 아동을 찾기 위해 진행한 전수조사 명단에도 포함되지 않았다.     경찰과 소방당국은 “세입자가 며칠째 연락을 받지 않는다”는 집주인 신고를 받고 현장에 출동해 이들을 발견했다. 현관문이 안에서 잠겨 있어 사다리를 이용해 내부로 진입했다. 집안에는 생활 쓰레기와 잡동사니가 곳곳에 쌓여 있었다고 한다.     경찰 조사 결과 A씨는 8년 전 이혼해 혼자 아이와 반려견을 키우며 생활해온 것으로 나타났다. B군의 친부도 확인되지 않은 상태라 경찰은 A씨와의 DNA 대조 검사를 통해 친자 여부를 확인할 방침이다.     A씨는 기초생활수급자나 차상위계층 같은 복지 급여 대상자는 아니었던 것으로 알려졌다. 그러나 2~3년 전부터 건강보험료 120만원가량을 내지 못했고 관리비도 상당 기간 밀린 것으로 파악돼 생활고에 시달린 것으로 추정된다. 전주시는 두 달 전인 지난 7월18일 A씨를 복지 사각지대 발굴 대상자로 선정해서 전화를 하고 집도 방문했지만 만나지는 못했다고 전했다.     경찰은 발견 당시 A씨의 시신 부패가 이미 상당히 진행돼 부검을 실시하기로 했다. 현장 상황 등으로 미루어 극단적 선택 가능성은 낮은 것으로 보고 있다.
]"
non_phi,2023-09-11 12:46,"4살 아들 남겨두고 숨진 엄마, 사인 동맥경화 추정",https://n.news.naver.com/mnews/article/018/0005572475?sid=102,"[
			[이데일리 이준혁 기자] 전북 전주시 한 빌라에서 숨진 40대 여성의 사망 원인이 동맥경화로 추정됐다.11일 전주완산경찰서에 따르면 국립과학수사연구원은 지난 주말 A(41)씨 시신을 부검해 동맥경화로 인한 사망으로 추정된다는 소견을 전달했다.국과수는 A씨 몸에 별다른 외상이 없는 점으로 미뤄 혈관이 막힌 게 직접적인 사망 원인이 됐다고 봤다.시신에서는 담석도 발견됐는데 이로 인해 생전에도 극심한 통증이 있었을 것이라고 국과수는 추정했다.



4살 아들을 남겨두고 숨진 40대 여성이 살았던 전북 전주시 한 빌라 현관문 앞에 기저귀 박스가 홀로 놓여 있다. (사진=연합뉴스)부검 결과를 토대로 경찰은 A씨 사망 원인을 내인사(內因死)로 결론 내고 수사를 마무리할 방침이다.경찰 관계자는 “외력에 의한 사망으로 볼 수 있는 근거는 없는 것으로 확인됐다”며 “시신 부패가 심해 정확한 사망 시기는 단정하기 어렵다”고 말했다.A씨는 지난 8일 오전 9시 55분께 집주인 신고를 받고 출동한 경찰과 119구급대원에 의해 숨진 채 발견됐다.A씨 곁에는 4살로 추정되는 아들이 의식을 잃은 채 쓰러져 있었다. 오랜 기간 굶은 듯 쇠약한 상태였던 아들은 병원 치료를 통해 최근 의식을 되찾았다.아들은 출생 신고가 돼 있지 않아 정확한 신원 확인이 어려운 것으로 알려졌다.경찰은 여성이 별다른 직업이 없고 전기·가스비와 건강보험료, 집세 등을 체납한 점으로 미뤄 장기간 경제적 어려움에 시달렸던 것으로 보고 있다.
]"
non_phi,2023-09-10 19:59,"엄마 앞에서 스토킹범에 살해된 여성…유족, 울분의 사진 공개",https://n.news.naver.com/mnews/article/057/0001767534?sid=102,"[
			【 앵커멘트 】  지난 7월 인천의 한 아파트에서 엄마가 보는 앞에서 전 연인이었던 남성에게 스토킹을 당하다 휘두른 흉기에 숨진 여성의 유족이 울분의 사진과 카톡 내용을 공개했습니다.  이러고도 보복살인이 아니냐며, 가해 남성의 만행에 대한 엄벌 탄원에 동참해줄 것을 호소했습니다.  김세희 기자가 보도합니다.【 기자 】  전 연인에게 스토킹을 당하다 엄마가 보는 앞에서 사망한 A 씨.  9월 첫 재판을 앞두고 보복살인 혐의가 적용되지 못한다는 사실을 들은 가족이 온라인 커뮤니티에 울분을 토하며 사진을 올렸습니다.  A 씨의 사진부터 가해 남성이 지속적으로 보낸 메신저 내용도 공개됐습니다.  동호회에서 만난 두 사람은 직장에서 비밀 연애를 했는데 A씨가 이별을 통보하자 괴롭힘은 시작됐습니다.  폭행까지 당하자 A 씨는 가해 남성을 지난 5월 신고했지만, 남성은 A 씨를 계속 스토킹하며 연인 시절 사진도 SNS에 올렸습니다.  부서를 옮기고 사진을 내리면 고소를 취하하겠다고 약속했지만 말뿐이었습니다.▶ 인터뷰(☎) : 경찰관계자- ""남자가 계속 만나자고 귀찮게 하고 연락하니까…. (그래서) 스토킹으로 신고했고 그때(6월 초) 현행범 체포도 했습니다.""  당시 가해 남성에게는 접근금지 명령이 내려져 A 씨는 스마트워치를 받았지만, 가해자와 동선이 겹치지 않고 재고가 부족하다는 이유로 스마트워치를 반납하기도 했습니다.  반납 후 나흘 뒤 결국 A 씨를 살해한 남성은 살인과 스토킹 혐의 등으로 구속 기소됐고,  유족 측은 엄벌을 촉구하는 탄원서에 동참해주길 바라기도 했습니다.▶ 인터뷰 : 민고은 / 피해자 변호사- ""(검찰에서) 보복살인의 요건에 해당하는 범행 동기에 대한 부분이 증거로서 증명이 되지 않는다. (유족은 피해자에게 어린 딸이 있어서) 딸이 살아갈 사회를 고려하더라도 피고인이 엄벌에 처함으로써 사회와 격리되기를 바라고 계세요.""  생전 남성이 무작정 올린 사진에 2차 피해는 물론 스마트워치 반납 후 안전도 오로지 A 씨의 몫이었습니다.  MBN뉴스 김세희입니다.   영상취재: 전현준 VJ  영상편집: 박찬규  그 래 픽: 이은재   김지향
]"
non_phi,2023-09-11 8:19,"""엄마한테 화내서…"" 아들이 80대 친부 폭행",https://n.news.naver.com/mnews/article/666/0000020978?sid=102,"[
 



    부천소사경찰서 전경. 경기남부경찰청 제공      아들에게 폭행을 당해 치아가 부러진 채 맨발로 도망친 80대 노인이 구조됐다.   부천소사경찰서는 존속상해 혐의로 40대 남성 A씨를 입건했다고 11일 밝혔다.   A씨는 지난 10일 오전 7시50분께 소사본동 주거지에서 아버지 B씨를 폭행했다.   B씨는 맨발로 도망쳐 나와 112에 신고했고 경찰은 주거지 인근에서 치아가 부러진 채 피를 흘리고 쓰러져 있는 B씨를 발견해 119 구급대에 인계했다.    이후 경찰은 주거지로 출동해 A씨로부터 범행 사실을 자백받고 그를 현행범 체포했다.   경찰조사에서 A씨는 “아버지가 아무런 이유 없이 어머니에게 화를 내 아버지를 때렸다”는 취지로 진술한 것으로 알려졌다.   한편 경찰은 B씨도 A씨를 상대로 폭력을 행사한 혐의로 입건해 조사를 진행할 예정이다.
]"
non_phi,2023-09-11 4:31,부패한 엄마 시신 옆 굶주린 네살배기는 '미등록 아이'였다,https://n.news.naver.com/mnews/article/469/0000759842?sid=102,"[
전주 빌라서 생존한 4세, 미등록 조사 누락건보료·전기료 미납 등 징후 있었지만 방치안전망 사각지대 관리한다더니 비극 재연



생활고에 시달린 것으로 추정되는 40대 여성이 숨지고 4세 아들이 쓰러진 채 발견된 빌라의 현관문 앞에 경찰통제선이 설치돼 있다. 전주=김진영 기자전북 전주시 빌라에서 생활고에 시달린 것으로 추정되는 40대 여성이 숨지고 4세 아들이 쓰러진 채 발견됐다. 이 가정은 수년째 건강보험료를 내지 못했지만 정부와 지자체는 위기 징후를 제때 포착하지 못했다. 더구나 이 아이는 출생신고 없이 태어난 ‘미등록 영아’인데도 얼마 전 정부의 대대적인 전수조사 대상에서도 빠졌던 것으로 확인됐다. 2014년 ‘송파 세 모녀’, 2020년 ‘방배동 모자’, 2022년 ‘수원 세 모녀’ 사망 사건 등 빈곤과 질병에 시달리다 죽음을 맞은 참극이 또 반복됐다.비극의 전조 있었는데…10일 한국일보 취재를 종합하면 이틀 전인 8일 오전 9시 55분쯤 전주시 완산구 한 빌라에서 여성 A(40)씨가 숨진 채 발견됐다. 정확한 사망 시점을 추정하기 어려울 정도로 부패한 시신 옆엔 B(4)군이 의식을 잃은 채 쓰러져 있었다. 경찰과 소방 당국은 “세입자가 며칠째 연락을 받지 않는다”는 집주인 신고로 현장에 출동해 이들을 발견했다. 아들은 오랜 기간 음식을 먹지 못한 듯 쇠약한 상태였으나 병원에서 치료받고 현재는 의식을 되찾은 것으로 전해졌다.경찰 조사 결과, A씨는 8년 전 이혼해 혼자 아이와 반려견을 키우며 생활해온 것으로 나타났다. 현재로선 B군의 친부도 확인되지 않은 상태라 경찰은 A씨와의 DNA 대조 검사를 통해 친자 여부를 확인할 방침이다.  외상 등 타살 혐의점은  없는 것으로 나타났다. 11일 부검 뒤 정확한 사인이 규명될 것으로 보인다.A씨 가정은 기초수급이나 차상위계층은 아니었다. 그러나 극심한 생활고를 겪은 흔적은 곳곳에서 감지된다. 전주시 등에 따르면 A씨는 2, 3년 전부터 건강보험료를 납부하지 못했고, 올해 7월부터는 전기요금 등 각종 공과금도 밀렸다. 본보가 이날 찾은 빌라 우편함엔 20만 원 넘는 전기요금 체납 영수증과 건강보험료 고지서가 우편함에 꽂혀 있었다. 문 앞에는 아이의 것으로 보이는 기저귀 박스가 덩그러니 놓여 있었다. 사망 당시 집 안 곳곳엔 쓰레기와 각종 잡동사니가 방치돼 있었다고 한다. 인근 공인중개소 관계자는 “그 빌라는 보증금 200, 300만 원에 월 30만 원 전후로 저렴한 측에 속하는 곳”이라고 했다.정부 복지망 또 '구멍'



2014년 '송파 세 모녀', 2020년 '방배동 모자', 2022년 '수원 세 모녀' 사망 사건 등 빈곤과 질병에 시달리다 죽음을 맞는 참극이 또 반복됐다는 지적이다. 사진은 서울서 대표적인 빈곤 지역으로 꼽히는 용산구 동자동 쪽방촌의 모습. 사진은 기사 내용과 직접 연관은 없음. 뉴스1보건복지부는 건강보험료 체납, 단전, 단수 등 39가지 위기징후 정보를 입수해 500만 명의 명단을 지자체에 제공하고, 이 중 20만 명 정도를 추린 위기 가구 조사대상자를 지자체에 통보한다. 그러나 A씨 가정의 사정을 전주시가 알아챈 건 올해 7월이다. 전주시는 지난달 15일 전화로 처음 A씨에게 연락을 시도했지만 닿지 않았다. 같은 달 24일 사회복지사가 A씨 집을 직접 방문했지만 부재중이라 돌아갔다. A씨 집주인이 지난 3일 고인을 만났다고 증언한 점으로 미뤄 볼 때 사회복지사가 찾아갔을 땐 생존해 있었던 것으로 추정된다.‘비극의 전조’가 오래전부터 엿보였지만 확인하지 못한 것에 대해 정부는 건강보험료 미납만으로는 우선순위에서 밀릴 수 있다고 해명했다. 보건복지부 산하 한국사회보장정보원 관계자는 “2021년부터 건강보험료와 가스비 등 체납 정보가 있어 지자체에 통보됐지만, 지난해 수익이 발생해 명단에서 제외됐다가 올해 7월 다시 발굴된 사례”라고 했다. 이어 “사회복지 공무원의 인력 한계상 각 지자체에 너무 많은 명단을 내려보낼 수 없다”며 “위험도가 높은 순서로 일정 인원을 각 지자체에 통보한다”고 덧붙였다. '병원 밖 출산' 사각지대B군이 정부 전수조사에도 드러나지 않았던 ‘미등록 영아’였다는 점도 경위 파악이 필요해 보인다.정부는 6월 28일부터 7월 7일까지 2015~2022년 의료기관에서 출생했지만 출생신고가 이뤄지지 않은 2,123명을 대대적으로 전수 조사했다. 그러나 B군은 이 조사 명단에 들어 있지 않았고, 이번 사건을 통해서야 존재가 처음 드러났다. 수사ㆍ보건 당국은 ‘병원 밖 출산’일 가능성을 염두에 두고 있다.지난 6월 미등록 영아 문제가 큰 논란이 되면서 정부는 각종 대책을 쏟아냈다. 내년부터 시행될 출생통보제(의료기관이 출생 사실을 지자체에 의무적으로 통보)가 대표적이다. 그러나 이 경우에도 의료기관에 가지 않고 자택에서 아이를 낳는 경우는 막을 방법이 없다는 우려가 진작 나왔다. 이번 사건으로 ‘병원 밖 출산’의 사각지대가 드러난 것 아니냐는  지적이 나온다. 보건복지부 관계자는 “경찰의 DNA 대조 검사 결과가 나와 봐야 출생 미신고 경위 등을 정확히 확인할 수 있을 것으로 보인다”고 말했다.비슷한 비극이 되풀이될 때마다 정부와 지자체는 ‘찾아가는 복지’를 다짐하지만 우리 사회의 안전망은 여전히 성글기만 한 게 현실이다. 노혜련 숭실대 사회복지학과 교수는 “임신부터 출산까지 임부를 대상으로 한 상담 등 지원 체계를 촘촘히 갖춰 자연스럽게 출생신고를 유도하고, 빈곤 가정은 조기 발견하는 체계도 재점검해야 한다”고 강조했다.
]"
non_phi,2023.09.11. 오전 9:52,"
			'나쁜엄마' 강말금, 이준혁과 한솥밥...에이스팩토리 전속계약 체결 [공식]
		",https://n.news.naver.com/mnews/article/213/0001269457?sid=106,"[
 
배우 강말금이 에이스팩토리와 전속계약을 체결했다.11일 에이스팩토리는 ""어떤 역할이던 뛰어난 캐릭터 소화력으로 다채로운 연기를 선보이는 믿고 보는 배우 강말금을 새 식구로 맞이하게 되어 기쁘다""며 ""드라마와 영화, 공연까지 폭넓은 활동을 이어가고 있는 배우인 만큼 앞으로도 다양한 작품에서 더욱 빛을 발할 수 있도록 전폭적으로 지원할 것""이라고 밝혔다. 강말금은 2020년 영화 '찬실이는 복도 많지'에서 주인공 이찬실 역을 맡아 열연했다. 집도, 남자도 없고 일마저 끊겨 버린 찬실의 웃픈 상황을 자연스럽고 현실감 있는 연기로 극찬을 받았다. 강말금은 해당 작품으로 '제56회 백상예술대상', '제29회 부일영화상', '제40회 한국영화평론가협회상', '제21회 부산영화평론가협회상', '제41회 청룡영화상', '제8회 들꽃영화상'에서 신인여우상을 휩쓰는 쾌거를 이루며 한국 영화의 보배로 거듭났다.여기에 최근 JTBC 드라마 '나쁜엄마'에서 조우리의 따뜻한 이웃 정씨 역을 맡아 활약한 강말금은 배우 하정우의 연출작 영화 '로비' 촬영 준비에 한창이다. 한편, 배우 강말금과 전속계약을 체결한 에이스팩토리는 드라마 제작 및 매니지먼트 사업을 포괄하는 종합 엔터테인먼트사다. tvN '자백', JTBC '날씨가 좋으면 찾아가겠어요', tvN '비밀의 숲 2'를 제작했으며, 배우 이준혁, 유재명, 윤세아, 이시영, 이규형, 장승조, 문정희, 염혜란, 이주영 외 다수의 배우가 소속돼 있다. 김연주 기자   / 사진= 에이스팩토리
]"
non_phi,2023-09-10 12:25,"[현장] ""엄마 장사 나간 사이"" 화마에 창문 매달린 일가족 참변",https://n.news.naver.com/mnews/article/001/0014182988?sid=102,"[
창틀에 1∼2분 버티다가 7층서 추락…남편·친정엄마 숨지고 3살 아들 중상과일 장사로 생계 이어가던 다문화 가족…친정엄마, 육아 돕고자 한국 방문평소 팔다 남은 과일 이웃들에게 나눠주기도…이웃들 ""불쌍하고 안타까워""



검게 변한 집안 내부[촬영 박성제]    (부산=연합뉴스) 박성제 기자 = ""베트남인 엄마가 시장에 과일 장사하러 간 사이에 불이 나고 만 거예요. 산 사람도 돌아가신 사람도 불쌍해서 어떡합니까….""    10일 오전 전날 발생한 화재로 현장 감식이 한창인 부산 부산진구 한 아파트에서 30대 김모 씨는 검게 변해버린 화재 현장을 넋을 잃고 바라보며 이렇게 말했다.    화재가 난 집의 아래층에 사는 그는 ""(이번에 사망한) A씨와 서로 힘들 때 술 한잔 기울이며 평소 돈독하게 지냈다""며 ""A씨는 새벽부터 일해 피곤할 법한데도 항상 성실하게 사셨던 분인데, 이런 일을 당해 너무 황망하다""고 안타까워했다.    전날 오후 4시 18분께 이 아파트 7층에서 불이 나 베란다로 대피한 A(40대)씨와 아들(3세), A씨 장모(베트남·50대)가 바닥으로 떨어졌다.    이 사고로 A씨와 A씨 장모는 병원으로 옮겨졌지만 숨졌고, A씨 아들은 크게 다쳐 병원에서 치료받고 있다.    이 아파트 주민 최모 씨는 ""펑펑 터지는 소리가 들린 뒤 비명이 들려 내다보니 검은 연기가 뿜어져 나왔고 아빠와 아들로 보이는 이들이 창틀에 매달려 있었다""며 ""1∼2분 정도 버티다가 바닥으로 떨어졌는데 너무 안타깝고 무서웠다""고 말했다.



합동감식 중인 소방본부[촬영 박성제]    주민들은 화마를 피하지 못한 이들에 대해 안타까움을 표하며 ""정말 열심히 살던 가족""이라고 입을 모았다.    A씨와 베트남 국적의 A씨 아내인 B씨는 인근에 있는 시장에서 과일가게를 운영했다.    A씨가 새벽 일찍부터 농산물 시장에 가서 과일을 가져오면 B씨가 가게에서 팔았다.    이 부부는 이후 가게 장사로 바빠 어린 아들에게 소홀해질까 봐 베트남에 있던 A씨 장모를 한국에 모셔와 이곳에서 함께 지냈다.    사고 당일에도 평소처럼 새벽에 일을 마친 A씨가 아들, 장모와 함께 자택에서 휴식을 취하다가 화를 당한 것이다.    김선옥(63) 개금3동 통장은 ""이사 온 지 1∼2년쯤 됐는데 장모도 그즈음 한국에 들어왔다""며 ""어린 아기가 있어 부부가 힘을 합쳐 열심히 살아보려 했는데 이런 일을 당했다. 너무 안타까워서 밤사이 잠도 못 잤다""고 말했다.



화재현장 바라보는 주민들 [촬영 박성제]    70대 주민 정모 씨는 이번 사고로 중상을 입은 어린 아들을 떠올리며 ""손자가 많아 우리 집에 장난감이 많은데 A씨 아들이 자주 놀러 왔다""며 ""어린 아기가 인사성도 밝고 성격이 살가워 간식도 내어주고 귀여워했는데, 이런 큰 사고를 당하다니 너무 슬프다""고 눈물을 훔쳤다.    이 가족은 평소 가게에서 팔고 남은 과일을 어려운 이웃들에게 나누며 선행을 이어간 것으로 알려져 주변을 더욱 안타깝게 했다.    같은 아파트 동에 산다는 80대 김모 씨는 ""장사를 마치거나 집으로 돌아올 때 아내인 B씨가 경비실이나 경로당에 꼭 들려 과일을 가져다주고는 했다""며 ""베트남에서 낯선 타국으로 와 생활이 힘들 법도 한데 주변에 항상 선행을 베풀었다""고 회상했다.    현재 B씨는 아들이 입원한 병원과 모친, 남편 A씨의 빈소가 차려진 장례식장을 오가고 있는 것으로 알려졌다.



검게 탄 집안 내부[촬영 박성제]    이날 오전 합동 감식을 진행한 부산소방재난본부와 부산진경찰서는 불이 난 집안 내부 모든 공간에 대해 화재 발생 가능성을 열어두고 조사를 진행하고 있다.    당시 이들 가족이 불길이 커질 때까지 대피하기 어려웠던 부분에 대해서도 대피시설을 점검하는 등 추가 조사를 벌일 예정이다.    부산소방재난본부 관계자는 ""현재까지 모든 가능성을 열어두고 감식하고 있어 화재가 발생한 이유와 장소를 예단하기 어렵다""고 설명했다.    한편 부산진구는 이번 화재로 피해를 본 아파트 주민 10여명에 대해 인근에 임시 숙소를 마련해 대피시켰다.    psj19@yna.co.kr
]"
non_phi,2023-09-10 11:28,음식을 통한 3대 모녀의 화해…연극 '엄마의 레시피',https://n.news.naver.com/mnews/article/003/0012080226?sid=103,"[




[서울=뉴시스]연극 '엄마의 레시피' 공연 사진. (사진=바람엔터테인먼트 제공) 2023.09.10. photo@newsis.com *재판매 및 DB 금지[서울=뉴시스] 강진아 기자 = 연극 '엄마의 레시피'가 오는 24일까지 서울 종로구 공간아울 극장에서 공연한다.할머니부터 엄마, 딸까지 이어지는 3대가 음식을 통해 갈등을 풀어가는 내용의 가족 코미디극이다. 치매로 기억이 끊어진 할머니와 바쁘고 고달픈 배우로서의 일상 때문에 가족들과 소통하지 못하는 엄마 그리고 아버지 없이 자라 홀로 미국 유학길에 오르며 외로웠던 손녀의 이야기가 펼쳐진다. 각자 가치관과 삶 속에서 무엇이 중요하고, 무엇을 양보하고 얻을 것인가를 유쾌한 웃음과 따뜻한 메시지로 담아낸다.2018년 초연 후 여섯 번째 공연이다. 장경민 연출가와 영화 '용의주도 미스 신'을 각색·감독한 박용집 감독이 연출을 맡았다. 배우 김용선, 하영화, 최혁주, 임정은, 정경훈 등이 출연한다．
]"
non_phi,None,None,https://sports.news.naver.com/news.nhn?oid=001&aid=0014183498,[]
non_phi,2023.09.11. 오전 11:36,"
			최종남, 연극 '내 엄마 수연씨' 열연…日 영화에서도 활약
		",https://n.news.naver.com/mnews/article/416/0000299058?sid=106,"[
 
[SBS 연예뉴스 | 김지혜 기자] 배우 최종남이 연극 무대에서 열연을 펼치며 관객에게 깊은 감동을 선사했다.최종남은 지난 7일 서울 용산아트홀 소극장 가람에서 연극 '내 엄마 수연씨'(작가·연출 최솔) 무대에 올랐다.최종남을 비롯해 사미자, 이종남, 이성경이 출연한 이날 공연에서 사미자는 다리가 아파서 걷지 못하고 휠체어에 의지해 무대에 올랐다. 사미자의 연기 투혼은 작품 본연의 감동과 어우러져 객석 곳곳에 눈물바다가 이루어졌다.연극 '내 엄마 수연씨'는 종가집 3대 여인의 삶을 모티브로 한다. 시어머니 봉자는 종가를 지키려 하고, 며느리 수연은 순종하며 살아가는 인물이다. 최종남이 역할을 맡은 동식은 아내 수연 몰래 대리모를 보러가다 교통사고로 사망한 후 유령이 되어 세 여자의 사랑을 찾아가는 캐릭터다.지난해 공연된 '수연씨 안녕'의 새 버전으로 막을 올린 이 작품은 10월 14~15일 청주 CJB미디어센터 에덴아트홀, 10월 21일 대구 천마아트센터, 11월 4일 서울 광진나루아트센터로 순회 공연을 이어간다.최종남은 올해 일본에서 공개된 영화 '씨 히어 러브'(SEE HERE LOVE)에 출연해 화제를 모았다. 카카오 웹툰 '보지 못하고 듣지 못하고 사랑해'를 원작으로 영화 '내 머리 속의 지우개', '인천상륙작전'의 이재한 감독이 연출을 맡고, 야마시타 토모히사와 아라키 유코가 주인공에 캐스팅됐다.지난 6월 일본 공개 이후 아마존 영화 1위, 일본 박스 순위 1위를 기록한 화제작으로 최종남은 여주인공 아라키 유코와 에스컬레이터에서 마주치는 인물로 깜짝 등장하며 한국 배우로는 유일하게 청일점으로 특별출연했다.10월부터 연극 무대 일정에 돌입하는 최종남은 미니시리즈 등 TV 드라마에도 출연할 예정이다.&lt;사진제공=다홍엔터테인먼트&gt; 
			]"
non_phi,2023-09-09 20:33,4살배기 아들 남기고 숨진 채 발견된 엄마…생활고 추정,https://n.news.naver.com/mnews/article/055/0001088486?sid=102,"[
			&lt;앵커&gt;전주의 한 주택에서 40대 엄마가 4살배기 아들 옆에서 숨진 채 발견됐습니다. 전기요금이 연체돼온 것으로 봐선 생활고에 시달렸던 것 같습니다.보도에 사공성근 기자입니다.&lt;기자&gt;어제(8일) 오전 9시 50분쯤, 전북 전주의 한 빌라 3층에서 40대 여성 A 씨가 숨진 채 발견됐습니다.A 씨 곁에는 의식을 잃은 채 쓰러져 있는 4살배기 아들도 있었습니다.[소방 관계자 : (아들) 상태가 약간 반응이 없었고, 호흡이 미약하다. 아동은 산소를 투여했다고.]아이는 오랜 기간 음식을 먹지 못해 쇠약한 상태였지만, 병원에서 치료받고 의식을 회복한 것으로 전해졌습니다.모자가 살던 빌라 입구에서는 전기요금 연체 고지서도 발견돼 상당 기간 생활고를 겪은 것으로 추정됩니다.



경찰 관계자는 여성 시신의 부패가 상당 부분 진행돼 구체적인 사망 시기를 추정하기 어렵다며, 부검을 통해 정확한 사인을 밝힐 계획이라고 말했습니다.---공장 위로 주황빛 연기가 피어오릅니다.[목격자 : 터지기 전에 나오는 연기들 있잖아요. 딱 그 상황인 거 같아서.]OCI 군산공장에서 질산 화합물이 누출됐다는 신고가 접수된 것은 오늘 오전 8시 50분쯤.긴급 출동한 소방당국은 가스 배관의 밸브를 잠그고 중화 작업을 진행했고, 주민 19명은 인근 초등학교로 대피해 인명 피해는 없었습니다.---경기 화성에서는 70대 운전자가 몰던 승용차가 식당으로 돌진했습니다.이 사고로 식당에 있던 손님 3명이 머리와 다리를 다쳤고, 운전자와 동승자 등 모두 5명이 다쳤습니다.운전자는 차량 결함을 주장하고 있는 것으로 알려졌습니다.경찰은 운전자를 교통사고처리특례법 위반 혐의로 입건하고, 부주의로 인한 사고는 아니었는지 살펴보고 있습니다.(영상편집 : 신세은, 화면제공 : 군산소방서)
		]"
non_phi,2023-09-10 10:17,부패한 엄마 시신 옆 4살 아들 구조…‘채무·집세 미납’ 생활고 정황,https://n.news.naver.com/mnews/article/022/0003853791?sid=102,"[
아들 장기간 굶은 듯…중환자실서 치료 중전기세 등 미납…홀로 아들과 반려견 키워경찰, 시신부검 의뢰…아동학대 여부 조사 



   지난 9일 네살배기 아들을 남겨두고 숨진 40대 여성이 살았던 전북 전주시 한 빌라 현관문 앞. 아이의 것으로 추정되는 기저귀 박스가 놓여 있다. 전주=연합뉴스       전북 전주시의 한 빌라에서 어린 아들을 남겨둔 채 숨진 40대 여성이 생활고에 시달렸던 것으로 파악됐다.     10일 전북경찰청 등에 따르면 지난 8일 오전 9시55분쯤 전주시 서신동의 한 빌라에서 A(40)씨가 숨진 채 발견됐다. 곁에 있던 아들 B(4)군은 정신을 잃은 상태로 구조돼 병원으로 옮겨졌다.     경찰과 소방은 “세입자가 며칠째 연락이 닿지 않고, 집 안에서 개 짖는 소리만 난다”는 내용의 빌라 주인의 신고를 받고 출동해 문을 개방한 뒤 이들을 발견했다.     발견 당시 B군은 오랜 기간 음식을 먹지 못한 듯 쇠약한 상태였던 것으로 알려졌다. 현재 B군은 다행히 의식을 되찾은 뒤 병원 중환자실에서 치료받고 있다.     A씨의 시신은 부패가 진행돼 정확한 사망 시기를 추정하기 어려운 상태인 것으로 전해졌다. 경찰은 A씨의 사인 확인을 위해 국립과학수사연구원에 시신 부검을 의뢰했다.  



   지난 9일 네살배기 아들을 남겨두고 숨진 40대 여성이 살았던 전북 전주시 한 빌라 입구. 우편함에 공과금 고지서가 보인다. 전주=연합뉴스       경찰과 소방이 현장에 출동한 당시 집안 곳곳에는 쓰레기와 잡동사니가 쌓여 있는 등 아이를 키우기에는 환경이 매우 열악했던 것으로 전해졌다.     경찰은 외부 침입 흔적이나 외상 등이 없는 점으로 미뤄 강력범죄 연루 가능성은 낮은 것으로 보고 있다. 유서는 발견되지 않았다.     경찰은 숨진 A씨가 아들과 반려견을 홀로 키우며 경제적 어려움을 겪은 것으로 보고 있다. 가족 간 채무가 있는 데다가 최근 집세와 전기세, 가스비 등이 미납된 상태였던 것으로 확인됐다. 평소 친인척들과 교류는 없었던 것으로 전해졌다.     경찰은 정확한 사망 경위를 조사하는 한편 아동을 장기간 학대했는지 등 사건과 관련한 여러 가능성에 대해서도 조사 중이다.
]"
non_phi,2023.09.11. 오전 9:18,"
			'미우새' 김지민 엄마 ""내 딸 손해같아…김준호, 호감도 70%로 하락""
		",https://n.news.naver.com/mnews/article/421/0007041367?sid=106,"[
10일 방송 
SBS '미운 우리 새끼' 방송 화면 캡처(서울=뉴스1) 안은재 기자 = 코미디언 김준호가 예비 장모님의 마음을 얻기 위해 고군분투 했다. 지난 10일 방송된 SBS 예능 프로그램 '미운 우리 새끼'(연출 안정현)에는 예비 장모님을 정식으로 대면한 김준호의 이야기가 담겼다. 이날 방송에서 김준호는 공개 연애 중인 김지민의 어머니에게 점수 따기 위해 ""제가 높은 데는 싫어하는데 어머님을 위해 전구 갈아드리겠다""라며 두 손 걷고 나섰다. 사다리 위에 올라선 김준호가 바들바들 떨며 전구를 가는 모습을 보던 지민의 어머니는 ""다리가 좀 짧다""라며 웃음을 터뜨렸다. 지민의 어머니를 위해 부추전을 만들겠다며 나선 김준호는 파와 부추를 헷갈리는가 하면, 부추를 자르지 않고 반죽하고 떡처럼 뭉친 괴상한 결과물을 만들어내 모두의 탄식을 자아냈다. 이어 ""지민이와 처음 사귄다 했을 때 어떠셨느냐""라는 준호의 질문에 지민의 어머니는 ""어느 친정 부모든 다 자기 딸이 손해인 것 같다, 부모 맘이 다 그렇다""라고 대답했다. 김준호는 사전에 칭찬만 해주기로 약속했던 예비 처남에게 같은 질문을 던졌다. 하지만 예비 처남은 예상과 달리 ""일단 한번 다녀오시기도 했고""라고 했고, 준호가 사인(신호)을 보내자 당황하며 A.I.(인공지능)처럼 칭찬을 시작했다. 자신의 점수를 묻는 김준호에게 지민의 어머니는 ""지민이 남자친구 되기 전엔 100% 호감이었는데 남자친구 되니까 발에 각질도 눈에 들어오고 코인 하는 것도 귀에 들리더라""라고 돌직구를 날려 준호를 좌절하게 했다. 지금은 몇 프로 정도냐며 자신의 호감도를 묻는 준호에게 지민의 어머니는 뜻밖에 ""100%까지는 아니고 한 70% 정도다, 남은 30%는 앞으로 채워가면 되지""라고 훈훈하게 답했다.
			]"
