is_phishing,date,title,link,content
phi,2023-09-05 10:07,"“우리 엄마도 당했다”…서민 울린 대포통장, 6년간 무려 15만건",https://n.news.naver.com/mnews/article/009/0005181986?sid=101,"[




 [사진 제공 = 연합뉴스]보이스피싱(전화금융사기)에 사용되는 대포통장이 근절되고 있지 않아 대책 마련이 요구되고 있다.최근 보이스피싱(전화금융사기) 조직에 대포통장을 대여한 유통 조직에 현직 은행원이 포함된 사실이 드러나 논란이 일기도 했다.5일 국민의힘 유의동 의원이 금융감독원으로부터 제출받은 자료에 따르면, 2017년부터 2022년까지 6년간 6개 시중은행에서 적발된 대포통장만 15만건으로 나타났다.연도별로 보면 2017년 2만2813건을 시작으로 2019년 4만1920건에 달했으며, 코로나19 사태가 발생했던 2020년 1만7297건으로 급격하게 줄었으나, 지난해 2만258건으로 다시 증가했다.은행별로 보면 KB국민은행이 5만3181건으로 가장 많았으며, 신한은행, 우리은행, 하나은행 순이었다.



 시중은행 대포통장 적발 현황.[자료 제공 = 국민의힘 유의동 의원실]이렇게 보이스피싱에 사용된 대포통장으로 인한 피해액은 2018년부터 2022년까지 5년간 총 8271억원이었다.해당 통계는 보이스피싱에 사용된 ‘통신사기피해환급법’에 따라 지급정지된 사기이용계좌에 대한 것이기 때문에 리딩투자사기, 가상화폐, 도박 등에 사용된 대포통장은 이보다 더 많을 것으로 보인다.유 의원은 “보이스피싱은 우리 서민들, 특히 가장 약한 고리를 건드려서 돈을 탈취하는 악질의 사기 범죄이기 때문에 이런 범죄에 사용되는 대포통장의 고리는 반드시 끊어야 한다”며 “정부와 금융당국 또한 대포통장 근절을 위한 가이드라인을 제정하는 등 강력한 의지를 보여야 한다”고 말했다.
]"
phi,2023.09.08. 오후 8:21,"
			서정희, 이혼 후 보이스피싱 피해…""돈·민증 다 보내""
		",https://n.news.naver.com/mnews/article/311/0001636915?sid=106,"[
 
(엑스포츠뉴스 이예진 기자) '동치미' 서정희가 보이스피싱 피해를 겪었다고 털어놨다.2일 방송된 MBN 예능 프로그램 '속풀이쇼 동치미'에는 방송인 서정희와 서동주 모녀가 동반 출연했다.이날 방송에서 서정희는 ""제가 사회생활을 안 해봐서 결핍이 있다. 고등학교 2학년 때까지만 해보고 안 해봤다. 제 남편이 친구, 지인들을 만나면 못 만나게 한다. 누군가를 만나면 나쁜 영향, 세뇌시킨다고 하더라""라며 과거를 회상했다.그는 ""제 주변 모든 걸 끊은 세월을 오래 지나다 보니까 대화가 안되더라. 19살에 멈춰있었다""라며 ""신앙생활할 때는 똑똑하다는 소리를 듣는데 사회만 나가면 문제가 생기더라""라고 전했다. 서정희는 보이스피싱으로 인해 이혼 후 제일 많이 본 프로그램이 '기막힌 이야기 - 실제상황'이었다고. 그는 2014년 故 서세원과 이혼했다. 
보이스피싱 일화를 전한 그는 ""동주가 폰을 잃어버렸다고 하더라. 지금부터 문자로 하자고 연락이 와서 알았다고 했는데 돈을 보내라고 하더라. 보냈다""고 밝혔다.이어 ""거기에 전화를 절대 하지 말라고 되어있다. 문자로만 하라고 하더라. 당하고 나서 (관련 프로그램으로) 교육을 받고 보이스피싱을 소재로 한 영화들을 엄청 봤다. (보이스피싱에 대해) 달인이라고 생각했다""고 말했다.그러나 서정희는 이후 한차례 더 보이스피싱에 당할 뻔 했다고. 
그는 ""미용실에 갔는데 동주에게 문자가 왔다. 핸드폰 고장 나서 폰 수리점에 왔는데 폰을 맡기니까 문자가 안될 거라고 했다. 이 번호로 문자하라고 하더라. 그리고 나서 '엄마 통장으로 수리 보상금 받으려고 하는데 민증 보내라'고 했다""며 당시 상황을 설명했다.그러면서 ""빨리 주민번호, 민증 보내라 하더라. 민증이라는 단어를 몰랐는데 미용실 직원이 주민등록증이라더라. 계좌 비번도 보내라 하더라. '비밀번호는 네가 보내지 말라고 했잖아'라고 했더니 (문자) 내역을 지울 거라고 했다. 비밀번호 첫 자리를 누르려는데 정신이 돌아왔다. (동주에게) 전화했더니 병원이라더라. 그때 땀이 뚝뚝 떨어지더라. 안 당했다""며 안도의 한숨을 쉬었다.사진=MBN 방송화면
			]"
phi,2023.09.05. 오후 5:55,"
			서정희 ""이혼 후 보이스피싱 피해…문자로 돈·주민등록증 보냈다""
		",https://n.news.naver.com/mnews/article/421/0007031109?sid=106,"[
 
(MBN '속풀이쇼 동치미' 갈무리)(서울=뉴스1) 신초롱 기자 = 방송인 서정희가 보이스피싱 피해 사실을 고백했다.2일 방송된 MBN '속풀이쇼 동치미'에서는 이혼 후 겪은 보이스피싱 일화를 전했다.서정희는 ""사회에 나오니 계속 이런 문제가 생기더라. 이혼하고 제일 많이 본 프로그램이 '기막힌 이야기 실제 상황'""이라고 밝혔다.이에 박수홍은 ""자기 자신을 트레이닝하는 거""라며 웃었고, 최홍림은 ""그거 보시면 보이스피싱 안 당했을 거 같은데""라며 의아해했다.서정희는 ""두 번이나 보이스피싱을 당했다. 작년 어느 날 동주가 '엄마, 나 휴대폰 잊어버렸어. 지금부터 나랑 문자로 얘기 해'라고 하더라. '알았다. 어떻게 하면 될까?' 물으니까 돈을 보내라고 해서 돈을 보냈다. 절대 전화하지 말라고 하더라. 문자로만 하라더라. 겁나서 문자로만 하겠다고 했다. 당하고 나서 교육을 받고 보이스피싱에 관한 영화도 봤다""고 털어놨다. 
(MBN '속풀이쇼 동치미' 갈무리)그는 ""나는 이제 달인이라고 생각했다. 그러다 미용실에 간 날 갑자기 동주한테 문자가 왔다. '휴대폰 고장 나서 수리점에 왔다. 이제부터 휴대폰 맡길 거니까 전화가 안 될 거다. 이 번호로 문자 해'라고 하더니 '엄마, 바빠?'라고 묻더라. 아니라고 했더니 '엄마 통장으로 수리 보상금을 받으려고 하는데 민증 보내'라고 해서 사진을 찍어 보냈다. 비밀번호도 보내라고 하더라. 왜냐고 물으니 비밀번호가 있어야 정리할 수 있다며 금방 쓰고 지우겠다더라. 그때 정신이 잠깐 돌아왔다""고 밝혔다.서정희는 ""갑자기 동주한테 전화하고 싶더라. 전화하지 말라고 했는데도 했다. 안 받더라. 큰일 났다. 진짜 고장나서 맡긴 건 줄 알고 또 걸었는데 받더라. 어디냐고 하니까 할머니 병원이라더라. '휴대폰 수리 안 하냐. 보상금 엄마 계좌로 넣는다고 했잖아'라고 하니 아니라더라. 그때부터 땀이 뚝뚝 떨어지더라. 안 당했다""며 가까스로 보이스피싱 피해를 비껴간 사실을 전했다.이에 서동주는 ""엄마한테 왜 그 정보를 다 줬냐고 하니까 '네가 다그쳤잖아' 이러더라""며 ""사실 단편적인 스토리를 들으면 이해가 안 될 수 있는데 엄마는 18, 19세 때부터 집에만 있고 교회 다니고 목욕탕 다니는 게 전부였다""며 ""혼자가 된 후에 모든 걸 새롭게 배우기 시작했다. 은행가는 거 휴대폰 만드는 방법을 비롯해 버스, 지하철 타는 거 등 전부를. 엄마는 성인이 돼서 모든 절차를 밟았다고 보면 된다. 길을 잃으면 내비게이션을 보면 되는데 저한테 전화한다""고 털어놨다.
			]"
phi,2023-08-31 13:11,"""'엄마 나 폰 잃어버렸는데'…피싱 피할 수 있는 가족암호 만드세요""",https://n.news.naver.com/mnews/article/092/0002303642?sid=105,"[
신한은행 '지켜요' 런칭…모바일 뱅킹 '쏠'에서 이용 가능신한은행이 보이스피싱 피해예방 관련 종합 솔루션 플랫폼 '지켜요(소중한 나의 자산)'를 런칭했다고 31일 밝혔다.지켜요는 고객의 보안점수를 산출해 비슷한 연령대의 다른 고객들과 비교해주는 서비스를 제공한다. 고객들이 자신의 보안수준을 진단해보고 추가로 필요한 보이스피싱 예방 보안서비스를 가입할 수 있도록 돕는다.금융감독원에서 발송하는 보이스피싱 관련 ‘소비자경보’를 실시간으로 메인화면에 업데이트해 신종사기에 대응할 수 있도록 지원하고 있다.



이밖에 신한은행은 사고예방을 위해 금융소비자가 꼭 알고 있어야 할 ▲은행연합회 전화번호 진위확인 서비스 ▲법무부 24시간 찐센터 ▲금감원 개인정보노출 사고예방 시스템 ▲내 계좌 일괄 지급정지를 위한 금융사 고객센터 전화번호 등 사기가 의심될 때 필요한 정보들을 한번에 확인할 수 있게 했다.가족들만 알 수 있는 암호를 미리 정해 가족 사칭 보이스피싱에 대응하는 ‘우리가족 암호만들기’ 컨텐츠와 신한은행에 접수되는 각종 사칭 문자메세지를 원문 그대로 알림톡으로 전달해주는 ‘불법사칭 문자 구독서비스’도 탑재했다.지켜요는 신한은행 모바일 뱅킹 '쏠(SOL)' 내 전체메뉴, 고객센터에서 이용할 수 있다.신한은행 측은 ""지켜요 플랫폼은 약 8개월간 보이스피싱 수법과 금융소비자들의 니즈에 대한 빅데이터를 분석해 자체 개발했다""며 ""금융소비자보호 정책을 총괄하는 소비자지원부를 비롯한 6개 부서가 개발부터 운영까지 함께 참여하고 있다""고 설명했다.
]"
phi,2023-08-29 9:28,"""엄마, 나야""…하나은행, 금융감독원과 '보이스피싱' 예방나서",https://n.news.naver.com/mnews/article/421/0007015244?sid=101,"[
양사 협업 '보이스피싱 예방 예방 라이브 방송' 진행



(하나은행 제공)(서울=뉴스1) 신병남 기자 = 하나은행은 29일 오후 6시부터 모바일 애프리케이션(앱) '하나원큐'를 통해 금융감독원과 함께하는 '보이스피싱 예방 라이브 방송'을 진행한다고 밝혔다.지난해 6월 첫 방송으로 시작된 '보이스피싱 예방 라이브 방송'은 지능화되고 있는 보이스피싱 범죄에 맞서 손님의 소중한 재산을 보호하기 위해 하나은행과 금감원이 함께 준비한 민관 협력 금융교육 프로그램이다. 이번 라이브 방송은 금융감독원 소속 금융사기 예방 전문 직원과 하나은행 직원이 직접 출연해 최근 보이스피싱 범죄 유형과 피해 사례, 대처 방법 등을 전파한다. 라이브 방송의 장점을 살려 시청자들의 궁금증을 해결하는 실시간 채팅 질의응답 시간도 마련됐다.하나은행 관계자는 ""보이스피싱 수법이 나날이 지능화되고 있고, 특히 취약계층의 생활을 위협하는 금융사기 범죄가 증가해 사회적 문제로 대두되고 있다""며 ""이번 라이브 방송처럼 금융소비자 여러분들의 금융사기 피해 예방을 위한 다양한 활동을 지속 추진하겠다""고 말했다.
		]"
phi,2023-08-16 8:40,"""엄마, 돈 보내줘"" Sh수협은행, 이상거래 모니터링으로 보이스피싱 막아",https://n.news.naver.com/mnews/article/417/0000942268?sid=101,"[




서울 송파구 Sh수협은행 본점 전경./사진=Sh수협은행 Sh수협은행은 최근 이상금융거래 상시 모니터링과 선제 조치를 통해 '자녀사칭 보이스피싱'을 시도하려던 범죄를 예방했다고 16일 밝혔다. 수협은행 금융소비자보호본부 관계자에 따르면 이번 보이스피싱 사례는 고령의 고객을 대상으로 고객의 자녀를 사칭하며 메신저에 접속해 지정계좌로 송금을 유도했다.이 과정에서 금융감독원 지침에 따라 '이상금융거래 상시 모니터링'을 진행하던 수협은행은 해당 고객이 여러 은행에 나눠 보유 중이던 자산을 하나의 계좌에 여러 차례 분할 이체하는 이상거래 패턴을 포착했다.평소 고객의 금융거래 패턴과 확연히 다른 점을 확인한 수협은행 관계자는 대응 매뉴얼에 따라 즉시 고객계좌에 대한 지급정지 조치를 시행했고 보이스피싱 여부 확인에 나섰다.그 결과 사기행각을 벌인 용의자들은 중국 등 해외 IP를 통해 메신저에 접속했으며 자녀를 사칭하면서 송금을 유도하는 전형적인 메신저피싱 범죄조직인 것으로 드러났다. 수협은행 관계자는 ""적극적이고 선제적인 대응을 통해 보이스피싱 사기로부터 고객의 소중한 자산을 지켜내고 금감원을 비롯한 금융당국과 은행권에 용의자들의 범죄 수법을 널리 알려 또다른 피해자가 발생하지 않도록 예방에 주력하고 있다""고 설명했다. 수협은행은 나날이 진화하는 보이스피싱 사기 수법에 대응하기 위해 이상금융거래탐지시스템(FDS)에 인공지능(AI)과 딥러닝 등 디지털 기술을 적용하는 고도화 프로젝트를 추진하고 있으며 이를 연내 마무리 지을 예정이다.
]"
phi,2023-05-26 11:26,보이스피싱 당한 후 사라진 엄마…기지로 찾은 가족들,https://n.news.naver.com/mnews/article/029/0002803197?sid=102,"[




글쓴이가 CCTV로 확인한 글쓴이 엄마의 모습. [네이트 판 캡처]    보이스피싱 후 엄마가 사라졌다는 글을 올려 많은 네티즌들의 우려를 샀던 글쓴이가 엄마를 다시 되찾았다는 글을 올렸다.26일 오전 12시 28분 온라인 커뮤니티 네이트 판에서는 ""보이스피싱을 당한 후 사라진 엄마를 찾습니다. 제발 도와주세요""라는 제목의 글이 올라와 많은 네티즌들의 우려를 샀다. 같은 날 오후 12시 52분 쯤 해당 글의 제목이 ""엄마를 찾았습니다""로 변경되면서 A씨는 네티즌들에게 엄마를 찾았음을 알렸다.A씨는 ""엄마를 찾았다. 찾았다기보다는 가해자들이 추가로 현금을 요구해 가지러 왔다가 집에서 기다리고 있던 저희 가족들과 만날 수 있었다""며 ""엄마가 집에 오기 전 아빠에게 국제발신으로 된 엄마 번호로 전화가 왔고 00지구대에서 친할머니를 보호하고 있으니 데리러 오라는 내용이었다. 아마 엄마가 (돈을 가지러) 집에 돌아왔을 때 아무도 마주치지 않도록 집을 비우고 싶었던 것 같다""고 말했다.그러면서 A씨는 경찰의 보이스피싱 대응에 대해 실망감을 표하기도 했다. 그는 ""저희는 실종으로 신고를 접수해 보이스피싱이 명백함에도 불구하고 피싱으로 사건을 전환할 수 없었다""며 ""보이스피싱의 경우 피해자의 소재지가 확인돼야 한다고 해서 전환이 어려웠고, 또한 이중신고는 어렵다고 전달받았다. 성인 실종 시, CCTV 확인 외에는 적극적인 수사가 어려워 하루꼬박을 맘졸이며 불안해했다""고 말했다. 마지막으로 A씨는 ""가족끼리 평소에 위치공유를 하고 국제전화나 모르는 번호는 절대 받지 마세요""라며 ""그리고 본인이 아닌 경우 가족이 가족관계증명서와 신분증을 지참하더라도 금융감독원 또는 금융 결제원 혹은 각 은행에서는 계좌지급정지를 할 수 없다고 전달받았다""고 말했다. 이어 보이스피싱 예방의 중요성을 알리며 말을 끝마쳤다.이를 본 네이트 판 네티즌들은 안심하며 ""무사하셔서 다행이다"", ""가족과의 만남 자체를 차단시키다니 정말 치졸하다"", ""국제수신 전화나 모르는 번호를 받지 않도록 어르신들께 당부해라""등의 반응을 보였다.앞서 A씨는 ""평소에 엄마가 전화를 꺼두거나 배터리가 없는 일이 절대 없는데 오늘(25일) 오후 12시쯤 보이스피싱 전화를 받은 이후로부터 현재까지 전화가 계속 꺼져 있는 상태다""라는 글을 올려 실종소식을 전한 바 있다. 조서현기자 rlayan7@dt.co.kr



엄마를 찾았다고 말하며 수정한 글. [네이트 판 캡처]    
]"
phi,2023.07.19. 오전 9:00,"
			'이로운 사기' 천우희 ""母, 보이스피싱 당할 뻔…딸 납치 됐다고"" [N인터뷰]②
		",https://n.news.naver.com/mnews/article/421/0006937324?sid=106,"[
극 중 이로움 역 
사진제공=에이치엔드엔터테인먼트(서울=뉴스1) 안은재 기자 = 배우 천우희가 과거 사기를 당할 뻔 했던 경험을 털어놨다. 이어 모친 또한 딸이 납치됐다는 내용의 보이스피싱 전화를 받은 적이 있다고 말했다. tvN 새 월화드라마 '이로운 사기'(극본 한우주/연출 이수현)가 지난 18일 16부작으로 마무리됐다. '이로운 사기'는 과공감 변호사 한무영(김동욱 분)과 공감 불능 사기꾼 이로움(천우희 분)의 절대 악을 향한 복수극이자 사기 공조극이다. 김동욱, 천우희 두 배우의 호연과 반전에 반전을 더하는 예측할 수 없는 줄거리로 안방극장에 마니아 층을 확보하며 인기를 끌었다. 천우희는 극 중에서 공감 불능 사기꾼 이로움 역으로 분했다. 이로움은 겉으로만 장학재단으로 꾸며진 적목에 들어가 감정이 없는 교육을 받으며 성장한, 냉혈한 그 자체인 인물이다. 천우희는 이로움이 사기극에서 변장한 인물을 각각 에피소드마다 다른 모습으로 표현했다. 방백 대사로 시청자들이 연극을 보는 듯한 착각을 불러일으켰으며, 여러 캐릭터를 다양한 목소리톤과 스타일링으로 표현해 넓은 연기 스펙트럼을 보여줬다.천우희는 2011년 영화 '써니'에서 본드를 흡입하고 학생들에게 위협을 가하는 이상미로 분해 강렬한 인상을 남겼다. 이후 '한공주'를 통해 섬세하고 깊은 연기력을 인정받아 주연으로 우뚝 섰으며, 영화 '해어화' '곡성' 드라마 '멜로가 체질' '스마트폰을 떨어뜨렸을 뿐인데'까지 시대극 부터 주변에 있을 법한 친근한 인물까지 표현해 '천의 얼굴'이라는 타이틀을 얻었다. 지난 2004년에 데뷔해 20년차 가까이 되어가는 천우희는 이번 인터뷰를 통해 지금까지 걸어온 연기자의 길을 돌아봤다.뉴스1은 지난 17일 오후 서울 강남구의 한 카페에서 천우희를 만나 이야기를 나눴다.   
사진제공=에이치엔드엔터테인먼트&lt;【N인터뷰】①에 이어&gt; -김동욱 배우와 호흡은 어땠나. ▶김동욱씨가 처음에는 낯을 많이 가렸다. 굳이 친밀도가 높아야 연기를 잘 할 수 있는 것은 아니었다. 연기를 하면서 어떤 한 순간에 오빠가 나를 편안하게 생각하는구나, 해제했구나 생각이 든 순간이 있었다. 이후로는 김동욱 오빠 본연의 모습이 나왔다. 낯을 많이 가리지만 그 부분이 해제되면서 웃긴 사람이었다. 정말 재밌고 자기 사람을 챙길줄 알고, 의리있는 사람이다.  -연기적인 호흡은. ▶연기적으로는 오빠와 저의 접근법은 다르다. 연기를 임하는 자세는 다르지만 둘다 이 일에 진심이다. 오빠는 논리적으로 모든 것을 파헤치는 사람이라면 저는 정서적으로 다가간다. 우리는 서로 캐릭터를 이해하기 쉬운 것 같다고 이야기했다. 연기적으로도 호흡이 꽤나 좋았다. -공감불능 이로움과 과공감 한무영, 어느 캐릭터에 더 감정이입이 됐나. ▶저는 원래 과공감 쪽에 가깝다. 무영이가 타인의 이야기를 듣고 힘겨워하는 장면이 있다. 제가 그렇다. 저는 다른 사람 이야기를 듣거나 뉴스, 책, 영화를 보면 감정이 오래가는 편이다. 무영의 입장이 말하지 않아도 다 느껴졌다.   -'이로운 사기'여서 생각난 것인데, 사기 당할 뻔한 경험이 있었나.  ▶사기 당할 뻔 한 적이 있었다. 저는 의심이 많은 사람이라 사기를 당할 거라고 생각하지는 못했다. 도깨비에게 홀린 듯이 그럴 때가 있다. 극 중에서도 나오는 대사인데 '사기는 어떤 사람이 사기를 당하는가'라는 질문에 '사기꾼이 찍은 사람이 사기를 당한거다'라고 말한다. 사기를 당한 사람이 문제가 있는 게 아니다. 저희 엄마가 보이스피싱을 당할 뻔 한 적도 있었다. 딸이 납치됐다는 내용이었다 (웃음) 평소에 의심이 정말 많은 편이다. 잭팟을 터트리거나 허황된 것들을 믿지 않는다. 그래서 세상에 공짜가 어딨냐고 생각해서 절대 사기당할 일은 없다고 생각했는데. 정신을 똑바로 차리고 살아야겠다고 생각했다.  
사진제공=에이치엔드엔터테인먼트-'이로운 사기' 키스신은 어떻게 촬영했나. ▶드라마가 너무 어렵다. 밤을 새도 예뻐야 한다. 키스신을 많이 찍어본 적이 없다보니 예쁘게 나올 만한 상황을 연기적으로 연출하는 게 쉽지 않았다. 오빠는 아무렇지 않게 진지하게 해서 역시 '엄지척' 했다. 저는 머쓱했다. 예쁘게 나오는 게 생각보다 어려웠다. 키스신을 많이 하지 않았다. 작품을 꼽을 수 있을 정도다. &lt;【N인터뷰】③에 계속&gt; 
]"
phi,2023-07-15 11:21,"“엄마 돈 좀…” 부모도 깜빡 속이는 AI 보이스피싱, 해결 가능해질까",https://n.news.naver.com/mnews/article/023/0003775871?sid=102,"[




/일러스트=조선디자인랩 이연주										“엄마, 돈 좀 보내줘” 등 자녀를 사칭해 송금을 요구하는 것은 보이스피싱의 전형적인 사례다. 그런데 최근 인공지능(AI) 딥페이크가 보이스피싱에 활용되면서 더 큰 피해가 우려되고 있다. 자녀를 사칭하는 것부터 피해자에게 혼란을 야기하는데, 목소리까지 감쪽같이 따라 하면 속을 수밖에 없게 되기 때문이다. 이에 국내 한 연구팀은 딥페이크로 모방한 음성을 탐지하는 소프트웨어 기술 개발에 나섰다.15일 정보통신기획평가원(IITP) 주간기술동향에 따르면, 정수환 숭실대 정보통신전자공학부 교수는 딥페이크로 모방한 음성을 탐지하는 소프트웨어 기술을 내년 12월을 목표로 개발하고 있다. 이 기술은 딥러닝 학습을 통해 딥페이크 조작 여부를 탐지해 낸다는 특징이 있다. 스마트폰 등 IT기기에 탑재해 상용화 함으로써 피해를 예방하는 게 목적이다.정 교수 연구팀은 “국내에서 성우, 유명인 등의 목소리를 딥페이크 기술로 복제해 텍스트를 원하는 대상의 음성으로 만들어 주는 음성합성이 시작되고 있는 상태”라며 “이렇게 AI를 활용해 특정 타깃으로 변조한 방식의 보이스피싱 위험성이 크게 증가했지만, 이러한 변조 음성의 탐지 기술은 거의 없다”고 했다.이미 외국에서는 딥페이크를 이용한 보이스피싱에 대한 우려가 한 차례 나왔다. 지난 3월, 캐나다에서는 보이스피싱범이 “아들이 교통사고로 미국인 외교관을 숨지게 한 혐의로 수감됐다”며 부모에게 2만1000캐나다달러(약 2000만원) 상당의 암호화폐를 송금하라고 요구했다는 보도가 나왔다. 당시 범인은 딥페이크 기술이 적용된 ‘가짜’ 아들의 목소리를 들려줬고, 부모는 감쪽같이 속아 돈을 송금했다.2019년에 영국에서는 CEO가 같은 수법에 당했다. 당시 보이스피싱 일당이 독일의 한 에너지 회사 최고경영자(CEO)의 목소리를 AI 기술로 흉내 내 영국의 자회사 CEO로부터 22만유로(약 3억500만원)를 갈취했다.정 교수 연구팀은 “딥페이크 음성 변조를 통한 고도화된 보이스피싱을 사전에 탐지, 방어함으로써 금융 피해 확산 차단 효과가 기대된다”며 “해당 연구는 딥페이크 기반으로 새롭게 등장한 보이스피싱 공격에 대한 경각심을 높이고, 이를 통해 개인 및 기업 모두에서 딥페이크 보이스 기술로 인한 범죄 및 재정적 손실을 줄일 수 있다”고 했다. 그러면서 “특정 개인이나 공인의 신분을 흉내 내 사회적 명성을 훼손하는 등의 예방을 통해 사회 안정에도 기여할 수 있다”고 했다.
]"
phi,2023-06-29 12:01,"""엄마 나 사고 났어"" 번호사칭 보이스피싱 이제 안통한다",https://n.news.naver.com/mnews/article/003/0011943199?sid=105,"[
과기정통부, 7월부터 국제전화 수신 시 음성으로 안내도용된 국내 번호가 로밍 형태로 수신되는 호 자동 차단



[그래픽] *재판매 및 DB 금지[서울=뉴시스] 심지혜 기자 = ""국제전화입니다.""다음달부터 국제전화 수신 시 통화 연결음에 이같은 안내 멘트가 나온다. 동시에 스마트폰 화면에 국제전화라는 표시가 뜨게 된다. 과학기술정보통신부는 한국인터넷진흥원(KISA), SK텔레콤, KT, LG유플러스 등 이통 3사와 손잡고 7월부터 새로운 국제전화 보이스피싱 범죄 예방 조치를 시행한다고 29일 밝혔다. 이는 지난해 9월 발표한 '보이스피싱 통신분야 대책'의 후속조치다. 보이스피싱 조직이 중국 등에 해외 콜센터를 설치한 후 범죄 추적과 수사 등이 어려운 국제전화를 악용해 진행하는 보이스피싱 범죄를 예방하기 위해 개발했다. 이통3사는 다음달부터 국제전화가 걸려오는 경우 단말기 화면에 '국제전화(한글)' 안내뿐만 아니라 동시에 통화 연결 시 수신자에게 ""국제전화입니다"" 또는 ""해외에서 걸려온 전화입니다"" 라는 음성 안내 서비스를 제공한다. 알뜰폰 사용자도 동일한 서비스를 받을 수 있다. 



[서울=뉴시스] 과기정통부가 도용된 국내 번호가 로밍 형태로 수신되는 호를 자동으로 차단한다. (사진=과기정통부 제공) *재판매 및 DB 금지또 범죄조직이 국내 이용자의 전화번호를 도용해 해외 로밍 형태로 전화번호를 거짓 표시하고 가족을 사칭하는 등 보이스피싱에 악용하는 사례도 막는다. 이를 위해 국내에 있는 것이 명확한 경우 해당 번호의 정상로밍 여부 등을 확인한 후 국제전화 수신을 차단할 계획이다. 다만 이 서비스는 위치정보를 기반으로 제공되기 때문에 자사 통신사 간 이용자에게 우선 제공할 예정이다. 과기정통부 관계자는 ""융복합 기술과 새로운 서비스를 악용해 이동통신 이용자를 대상으로 한 범죄 수법이 더욱 교묘화·정교화되고 있다""며 ""과기정통부는 스마트폰이 일상화된 디지털 시대에 통신서비스를 악용한 보이스피싱 범죄 근절을 위해 이통사, 제조사, 관련 부처 등과 협력해 기술개발, 제도 마련 등 다양한 정책들을 적극 추진하겠다""고 말했다．
]"
phi,2023-06-15 6:04,"자녀 목소리로 “엄마, 난데”… AI 보이스피싱 확산",https://n.news.naver.com/mnews/article/022/0003823152?sid=104,"[
해외 연구진 “시중 복제 도구3초짜리 목소리도 카피 가능”맥킨지 “생성형 AI, 생산성 향상年 4조4000억弗 부가가치 창출”생성형 인공지능(AI) 기술의 발달로 타인의 목소리를 복제해 보이스피싱에 악용하는 것이 점점 더 쉬워지고 있다는 연구 결과가 발표됐다고 미국 온라인매체 액시오스가 13일(현지시간) 전했다. 생성형 AI가 연간 4조4000억달러(약 5620조원)의 경제 가치를 창출할 수 있다는 장밋빛 전망도 나왔다.     액시오스에 따르면 글로벌 보안기업 맥아피의 연구진이 시중에 공개된 12개의 유·무료 음성 복제 도구와 함께 다양한 프로그램들을 시험해 본 결과 단 3∼4초의 음성을 가지고도 사용자의 목소리와 약 85% 일치하는 음성을 제작할 수 있었다.  



   사진=AFP연합뉴스    유료 프로그램을 사용할 경우 감정이나 말투 등을 실제와 거의 구별할 수 없을 정도로 만들 수 있었고, 연구원들이 시간을 들여 데이터 모델을 훈련시켰을 경우 약 95%의 일치율을 보이는 음성을 제작하는 것이 가능했다.     스티브 그로브먼 맥아피 최고기술경영자(CTO)는 “이런 (음성 복제) 도구들은 사용하기 정말 간편하고, 공격자가 AI에 대한 전문지식이 전혀 없어도 된다”고 액시오스에 말했다.     실제 피해 사례도 쏟아지고 있다.     맥아피가 올해 4월 미국·프랑스·인도·일본 등 9개국에서 성인 7000명을 대상으로 설문조사를 진행한 결과, 응답자 10명 중 1명은 AI 음성을 사용한 보이스피싱 전화를 받은 적이 있었다. 또 이들 중 77%는 실제 송금까지 했다.     그로브먼 CTO는 AI 음성 기술에는 오디오북 제작, 언어 장애인의 의사소통 보조 등 합법적인 사용 사례도 존재해 “전면 금지는 불가능하다”고 말했다. 맥아피는 보고서에서 AI 보이스피싱 피해를 방지하기 위해 가족 간 암호를 사용하고, SNS 등에 음성을 공개할 때 주의를 기울이라고 조언했다.     컨설팅업체 맥킨지 글로벌연구소는 14일 발표한 보고서에서 생성형 AI가 업무 자동화를 통해 근로시간을 60∼70%까지 줄여 생산성을 극대화할 수 있으며, 2030년부터 2060년까지 모든 업무의 절반을 자동화할 수 있을 것이라고 내다봤다. 이를 통해 생성형 AI는 영업과 엔지니어링, 연구개발 등의 분야에서 4조4000억달러 이상의 부가가치를 창출할 수 있다는 내용이다.
]"
phi,2023-06-14 16:53,"AI가 “엄마, 난데” 보이스피싱 하는 시대 [유레카]",https://n.news.naver.com/mnews/article/028/0002643936?sid=110,"[




목소리는 성대에서 시작된 공기 파동의 결과물이다. 얼굴에서 공명하다 보니 목의 길이, 코의 모양 등에 따라 다른 소리가 나 지문처럼 인간 저마다의 고유한 특성으로 분류된다. 이렇게 조성된 음색이 개인 특유의 말투, 사투리, 발음, 성량 등과 결합하면 한마디만 들어도 딱, 그 사람인 줄 알게 된다.목소리만으로 누군가를 알아보거나 남의 목소리를 탐내는 상황은 옛이야기 속에서도 자주 등장한다. 늑대는 할머니 목소리를 흉내내 빨간망토를 속이고, 바다 마녀는 인어공주에게 다리를 주고 목소리를 빼앗는다. 심 봉사는 죽은 줄 알았던 심청의 목소리를 듣고 눈을 번쩍 뜬다.남의 목소리를 흉내내는 일은 오랫동안 ‘개인기’의 영역이었다. 유명 가수의 노래를 비슷한 음색으로 따라 부르는 ‘모창’, 코미디언들이 특정 유명인의 말투를 흉내내는 성대모사 등이다. 개인기를 갈고닦는 데는 많은 노력이 필요하다. ‘성대모사의 달인’으로 불리는 코미디언 김학도(53)씨는 한 인터뷰에서 자신의 성대모사 비결에 대해 “3박4일 동안 그 목소리만 녹음해서 틀어놓고 계속 듣고, 아예 그 목소리로 생활하기도 한다”고 말했다.생성 인공지능 시대에는 3분이면 된다. 케이티(KT)의 음성 인공지능 기술은 3분 남짓의 짧은 녹음만으로도 목소리를 완벽히 복원해 텍스트를 입력하는 대로 술술 말을 생성한다. 에스케이티(SKT)는 최근 별도의 녹음을 하지 않고도 골프선수 최경주의 목소리, 말투, 사투리 등을 기존 인터뷰 영상에서 추출한 음성만으로 완벽하게 생성해냈다. 목소리가 담긴 영상이 있다면 완벽하게 흉내 낼 수 있는 시대가 도래했다.신기함이 황당함으로 바뀌는 데는 시간이 그리 걸리지 않았다. 완벽하게 생성한 목소리가 범죄에 이용되기 시작한 것이다. 캐나다에서는 아들의 목소리를 이용해 부모에게 사기를 친 보이스피싱 범죄가 발생했고 미국에서도 기업체의 사장 목소리를 이용한 사기 시도가 드러났다. 어색한 말투와 억양 때문에 보이스피싱을 들켰다는 식의 유머는 이제 국내에서도 통하지 않을 것이다.수사기관이 긴장하지 않을 수 없다. 경찰청은 최근 대화형 인공지능 챗봇 서비스 상용화에 따른 사이버범죄 대응 방안에 대한 연구를 발주했고, 대검찰청도 가짜 음성 탐지 기술 개발에 나섰다. 이제 딱, 그 사람인 목소리도 의심할 수밖에 없는 시대다.
]"
phi,2023.07.20. 오후 8:19,"
			'딸 납치됐다' 천우희 母, 연예인 가족으로 살기 어려워…""보이스피싱 당할 뻔""[인터뷰③]
		",https://n.news.naver.com/mnews/article/312/0000619466?sid=106,"[
				
				
				[텐아시아=류예지 기자] 
배우 천우희가 주변 지인에 사기당할뻔한 적이 있다고 고백했다.17일 서울 강남구에 위치한 한 카페에서 tvN '이로운 사기' 천우희와의 인터뷰가 진행됐다.작품 제목이 '이로운 사기'인 만큼 이날 천우희는 실제로 '사기'당한 적이 없냐는 질문을 받았다. 천우희는 ""워낙 의심이 많은 편이라 절대 사기를 당하지 않을 것 같다는 생각을 했다""며 ""사기를 당할 뻔 한 적은 있었다. 극 중 대사처럼 '사기꾼이 찍은 사람이 사기를 당한다'는 말이 믿어지더라""라고 언급했다.실제로 천우희의 모친 역시 불과 몇 년 전 보이스피싱을 당할 뻔했다고. 천우희는 ""엄마에게 내가 납치되었다는 전화가 왔다고 하더라. 엄마도 크게 사기당할 뻔하셨다""고 덧붙였다.'이로운 사기'는 공감 불능 사기꾼 이로움(천우희 분)과 과공감 변호사 한무영(김동욱 분), 너무 다른 두 사람의 절대 악을 향한 복수극이자 공조 사기극이다. 천우희는 절대 악을 향한 짜릿한 공조 사기극부터, 가랑비에 옷 젖듯 보는 이들의 마음을 녹이는 로맨스까지 안방극장이 푹 빠져들게 했다.류예지 텐아시아 기자 ryuperstar@tenasia.co.kr
			]"
phi,date,title,link,content
phi,2023-09-11 7:05,"연락하니 ""신분증 넣어두라""…'우편물 도착 안내' 주의보",https://n.news.naver.com/mnews/article/055/0001088691?sid=102,"[
			보이스피싱 수법, 날로 진화하고 있는데요.우편물 도착 안내서를 위조한 신종 보이스피싱이 최근 기승을 부리면서 각별한 주의가 필요합니다.위조된 우편물 도착 안내서를 문 앞에 붙여두거나 위조 우편물을 우편함에 둬 연락을 유도하는 방식인데요.안내서에 적힌 전화번호로 연락하면 '신분증을 우편함에 넣어두세요'라거나 '우편물이 검찰청에 있습니다'라면서 보이스피싱을 시도하는 겁니다.실제로 지난달 경주경찰서가 우편물 도착 안내서를 위조한 보이스피싱범들을 붙잡아 구속했는데요.피해를 막기 위해서는 의심스러운 안내문이나 우편물을 받은 경우, 우편물에 적힌 전화번호가 아닌 해당 기관의 대표 번호로 전화를 걸어 진위를 확인해야 한다고 기사는 조언했습니다.(화면출처 : 우정사업본부·뉴시스)
		]"
phi,2023-09-10 7:03,집배원 전화번호 010-0000-000…‘우편물 도착 안내’ 유심히 봐야 하는 이유,https://n.news.naver.com/mnews/article/022/0003853776?sid=102,"[
추석 명절 앞두고 '우편물 도착 안내' 사칭온·오프라인 피싱 기승…각별한 주의 필요 



   추석 명절을 앞두고 '우편물 도착 안내'를 사칭한 온·오프라인 피싱이 기승을 부리고 있어 각별한 주의가 필요하다.     8일 뉴시스에 따르면 SK텔레콤은 사용자들에 '최신 피싱범죄 주의 안내'문자를 배포했다. 회사 측은 이를 통해 ""우체국을 사칭한 '우편물 도착알림'과 같은 최신 피싱 범죄에 주의하라""고 당부했다.     먼저 '우편물 피싱'은 위조 우편물을 우편함에 두거나 우편물 도착안내서를 문 앞에 부착해 연락을 유도하는 방식이다. 우편물 도착안내서는 등기우편물을 수취인 부재 등으로 배달하지 못할 때 우편물 도착 사실을 알리기 위해 주소지 출입문 등에 부착하는 안내문을 말한다.     수신자가 안내문 혹은 우편물에 있는 연락처로 전화를 걸 경우, 범죄자들은 수사 기관을 사칭해 휴대폰에 악성 앱을 설치하거나 가짜 사이트에 접속하도록 유도했다. 악성 앱을 설치하거나 웹사이트에 접속할 경우, 개인정보가 범죄자에게 전송되며, 이를 빌미로 금전을 갈취당할 수 있다.     이와 비슷한 사례로 지난 7월 우정사업본부도 '위조 우편물 도착안내서'가 유포되고 있으니 주의하라고 당부한 바 있다. 우본에 따르면 범죄자들은 우편물 도착안내서를 위조해 우편함에 넣어두고, 이를 본 수신자가 우편물 문의전화를 하면 '신분증을 우편함에 넣어두라' '우편물이 검찰청에 있다'는 등 보이스피싱과 유사한 수법을 사용했다. 경주경찰서는 지난달 말 우체국 우편물 도착 안내서를 위조한 보이스피싱범들을 붙잡아 구속했다.     문자메세지를 이용한 우편물 피싱도 여전히 성행하고 있다. 이스트시큐리티가 최근 수집한 피싱 키워드 중 80%가 우편·택배 도착 관련 내용으로 나타났다.     '예약 물품을 확인하라'는 내용의 문자에 악성앱이 설치되는 인터넷 주소(URL)를 첨부해 유포하는 형태다. 사용자가 문자메시지 내 URL을 누르면 인터넷우체국으로 위장한 가짜 사이트로 연결된 뒤 '우체국 최신 버전을 다운로드하고 설치하세요'라는 메시지가 나타난다. 여기서 확인 버튼을 누르면 정상 우체국 앱을 사칭한 악성앱이 설치된다.     피해 예방을 위해서는 의심스러운 우편물을 받은 경우 우편물에 적힌 전화번호가 아닌 해당 기관의 대표 번호로 전화를 걸어 진위를 확인해야 한다.     앱 설치를 유도하는 문자메시지는 절대로 클릭하면 안된다. URL를 누르면 휴대폰에 악성 앱이 설치될 수 있다. 때문에 모바일 백신을 이용해 스미싱·악성 앱 설치를 예방하는 것이 좋다. 이와 함께 통신사, 금융사, 정부기관 등이 발송하는 스팸·스미싱, 보이스피싱 등의 주의를 당부하는 안내문자를 미리 꼼꼼하게 읽어보고 숙지하는 습관도 중요하다.     금융 피해 등이 의심되는 일이 발생하면 즉시 해당 금융사 고객센터, 경찰청(112), 금융감독원(1332)으로 문의해 계좌의 지급 정지 등을 신청하는 것이 바람직하다. 특히, 여기서 중요한 것은 다른 사람의 휴대전화로 도움을 요청해야 한다는 점이다. 이미 본인의 전화번호가 악성 앱에 노출됐을 수 있기 때문에, 전화를 걸어도 보이스피싱 범죄자들이 받을 수 있다.
]"
phi,2023-09-09 14:01,'우편물 도착 안내서' 추석선물인 줄 알고 연락했다간 '날벼락',https://n.news.naver.com/mnews/article/003/0012079599?sid=105,"[
""우편물이 도착했다""면서 전화유도…악성 앱으로 정보 탈취온라인 문자 피싱 단골 주제…오프라인으로 확산보안 업계 ""안내서에 적힌 전화번호 아닌 대표 번호로 전화해 확인""



보이스피싱 의심 도착안내서(사진=우본 제공) *재판매 및 DB 금지[서울=뉴시스]송혜리 기자 = #000님에게 특별송달 우편물이 도착했습니다. 특별송달은 2회 방문후 부재 시 우체국에 보관없이 반송됩니다. 담당 집배원 전화번호 010-0000-000 추석 명절을 앞두고 이 같은 '우편물 도착 안내'를 사칭한 온·오프라인 피싱이 기승을 부리고 있어 각별한 주의가 필요하다. '우편물 사칭' 피싱…온라인에서 오프라인으로 확산8일 SK텔레콤은 사용자들에 '최신 피싱범죄 주의 안내'문자를 배포했다. 회사 측은 이를 통해 ""우체국을 사칭한 '우편물 도착알림'과 같은 최신 피싱 범죄에 주의하라""고 당부했다. 먼저 '우편물 피싱'은 위조 우편물을 우편함에 두거나 우편물 도착안내서를 문 앞에 부착해 연락을 유도하는 방식이다. 우편물 도착안내서는 등기우편물을 수취인 부재 등으로 배달하지 못할 때 우편물 도착 사실을 알리기 위해 주소지 출입문 등에 부착하는 안내문을 말한다.수신자가 안내문 혹은 우편물에 있는 연락처로 전화를 걸 경우, 범죄자들은 수사 기관을 사칭해 휴대폰에 악성 앱을 설치하거나 가짜 사이트에 접속하도록 유도했다. 악성 앱을 설치하거나 웹사이트에 접속할 경우, 개인정보가 범죄자에게 전송되며, 이를 빌미로 금전을 갈취당할 수 있다.이와 비슷한 사례로 지난 7월 우정사업본부도 '위조 우편물 도착안내서'가 유포되고 있으니 주의하라고 당부한 바 있다. 우본에 따르면 범죄자들은 우편물 도착안내서를 위조해 우편함에 넣어두고, 이를 본 수신자가 우편물 문의전화를 하면 '신분증을 우편함에 넣어두라' '우편물이 검찰청에 있다'는 등 보이스피싱과 유사한 수법을 사용했다. 경주경찰서는 지난달 말 우체국 우편물 도착 안내서를 위조한 보이스피싱범들을 붙잡아 구속했다. 문자메세지를 이용한 우편물 피싱도 여전히 성행하고 있다. 이스트시큐리티가 최근 수집한 피싱 키워드 중 80%가 우편·택배 도착 관련 내용으로 나타났다. '예약 물품을 확인하라'는 내용의 문자에 악성앱이 설치되는 인터넷 주소(URL)를 첨부해 유포하는 형태다. 사용자가 문자메시지 내 URL을 누르면 인터넷우체국으로 위장한 가짜 사이트로 연결된 뒤 '우체국 최신 버전을 다운로드하고 설치하세요'라는 메시지가 나타난다. 여기서 확인 버튼을 누르면 정상 우체국 앱을 사칭한 악성앱이 설치된다. 한국인터넷진흥원 관계자는 ""악성행위 목적의 URL을 담은 피싱 문자 차단률이 높아지니, 범죄자들이 오프라인으로 공격 우회 방법을 찾아낸 것""이라며 ""피싱 기법이 다양화, 고도화 되고 있으니 국민들의 각별한 주의가 필요하다""고 설명했다.우편물·안내서에 적힌 전화번호 아닌 대표 번호로 걸어 확인해야      피해 예방을 위해서는 의심스러운 우편물을 받은 경우, 우편물에 적힌 전화번호가 아닌 해당 기관의 대표 번호로 전화를 걸어 진위를 확인해야 한다. 또한 앱 설치를 유도하는 문자메시지는 절대로 클릭하면 안된다. URL를 누르면 휴대폰에 악성 앱이 설치될 수 있다. 때문에 모바일 백신을 이용해 스미싱·악성 앱 설치를 예방하는 것이 좋다. 이와 함께 통신사, 금융사, 정부기관 등이 발송하는 스팸·스미싱, 보이스피싱 등의 주의를 당부하는 안내문자를 미리 꼼꼼하게 읽어보고 숙지하는 습관도 중요하다.금융 피해 등이 의심되는 일이 발생하면 즉시 해당 금융사 고객센터, 경찰청(112), 금융감독원(1332)으로 문의해 계좌의 지급 정지 등을 신청하는 것이 바람직하다.  특히, 여기서 중요한 것은 다른 사람의 휴대전화로 도움을 요청해야 한다는 점이다. 이미 본인의 전화번호가 악성 앱에 노출됐을 수 있기 때문에, 전화를 걸어도 보이스피싱 범죄자들이 받을 수 있다．
]"
phi,2023-09-01 11:11,가짜 우편물 도착 안내서로 보이스피싱 시도…경주서 일당 검거,https://n.news.naver.com/mnews/article/001/0014165423?sid=102,"[




위조된 우편물 도착 안내서[경주경찰서 제공. 재판매 및 DB 금지]    (경주=연합뉴스) 손대성 기자 = 경북 경주경찰서는 위조한 우편물 도착 안내서를 이용해 보이스피싱 범행을 시도한 혐의(사기 미수, 공문서위조 등)로 A(43)씨를 구속하고 B(24)씨를 불구속 입건했다고 1일 밝혔다.    또 중국에 있는 총책을 인터폴 공조와 적색수배 등을 통해 추적하고 있다.    경찰에 따르면 A씨는 우체국 우편물 도착 안내서 1천538장을 위조한 뒤 아르바이트생 B씨를 통해 경주 일대 아파트 현관에 설치된 우편함에 투입하도록 한 혐의를 받고 있다.    그는 주민들이 우편물을 찾기 위해 안내서에 기재된 휴대전화 번호로 전화하면 ""우편물이 검찰청에 있다"", ""서울중앙지검 검사인데 사건에 연루돼 변호사비로 500만원이 필요하다"", ""신분증을 우편함에 넣어두라""며 보이스피싱 수법으로 금품을 가로채려고 한 것으로 나타났다.    그러나 전화한 주민들이 보이스피싱인 것을 눈치채고 경찰에 신고해 현재까지 금품 피해는 발생하지 않았다.    앞서 경찰은 지난 7월 말 경주시 충효동과 동천동 아파트 우편함에 다량의 가짜 우편물 도착 안내서가 발견되자 폐쇄회로(CC)TV 분석과 감식 등을 통해 용의자를 추적해 왔다.    서병석 경주경찰서 수사과장은 ""우편물 도착 안내서가 우편함에 있는 경우 가까운 우체국에 사실을 확인하고 '우편함에 신분증을 넣어두라', '우편물을 검찰에 보관 중이다'라고 하는 경우 보이스피싱 범죄인 만큼 경찰에 신고해달라""고 당부했다.    한편 우정사업본부는 이들이 과거에 쓰던 수기 형식 안내서 서식을 위조해 범행에 사용한 만큼 전국 우체국에 전자서식 우편물 도착 안내서를 사용하도록 제도를 변경했다.    sds123@yna.co.kr
]"
phi,2023-08-30 14:47,하다하다 이젠 '가짜 우편물'까지…치떨리는 보이스피싱,https://n.news.naver.com/mnews/article/011/0004231996?sid=102,"[
국수본 ""우편물 활용 신종 수법 포착""""자금지원"" 허위 우편물로 전화 유도[서울경제] A씨는 최근 경기도의 B공공기관으로부터 ‘2023년 하반기 제조업 중소기업육성자금 지원계획 공고’ 문서가 담긴 우편물을 받았다. 고물가 고금리로 어려움을 겪는 개인사업자에게 중소기업지원 육성자금 4888억 원을 지원한다는 이 우편물은 전화금융사기(보이스피싱) 일당이 정교하게 조작한 미끼였다.그간 보이스피싱은 전화와 문자를 이용했지만, 최근에는 우편물을 활용한 신종 수법이 등장해 주의가 요구된다.경찰청 국가수사본부(국수본) 관계자는 30일 “최근 전화금융사기 수법이 다소 변화하고 있어 각별한 주의가 요구된다”고 밝혔다.보이스피싱 조직은 최근 수사당국의 대대적인 단속을 피하기 위해 신종 수법을 개발한 것으로 보인다.경찰은 범죄조직이 가짜 우편물을 우체국을 통해 발송하거나 직접 우편함에 넣는 사례를 다수 확인해 수사 중이다.대표적인 예는 중소기업 지원 프로그램 등에 신청하라는 가짜 우편물을 보내 보이스피싱 조직에게 전화하도록 유도하는 형태다. 가짜 우편물은 우체국을 통해 발송되거나 조직원이 직접 우편함에 넣어 피해자에게 전달된다.



범죄조직이 개인 우편 수취함에 넣어 놓은 가짜 우편물 도착확인서. 자료제공=경찰실제 지난 7월에는 다량의 가짜 우편물 도착 안내서가 경북 경주 일대에서 발견돼 경찰이 수사에 나서기도 했다. 가짜 안내서에 적힌 전화번호로 전화하면 ""신분증을 우편함에 넣어두라""라거나 ""우편물이 검찰청에 있다""고 속이는 수법이었다.특히 우편물은 일반인에게 생소한 공공기관 문서처럼 꾸며져 피해자가 내용물의 진위 여부를 알기 쉽지 않다.경찰은 또 최근 악성 앱 차단 기능이 없는 휴대전화 공기계를 사용하도록 강요하는 사례도 발생하고 있다고 경고했다.검사를 사칭해 수사에 협조하라며 휴대전화 공기계를 구매하게 한 뒤 악성 앱을 깔게 하고 피해자를 조종해 돈을 가로채는 식이다. 또 수사절차라고 속여 피해자를 모텔로 유인해 감금하거나 피해자의 신체 부위를 촬영해 돈을 뜯어내는 사례도 있었다.경찰청 관계자는 ""전화나 문자를 이용한 전화금융사기에 대한 단속이 강화되자 범죄조직들이 오히려 전통적 수법을 활용하고 있는 것으로 보인다""고 말했다./박우인 기자 wipark@sedaily.com
]"
phi,2023-08-31 12:37,"‘우편물 발송, 신상 위협도’…보이스피싱도 아날로그 수법 회귀",https://n.news.naver.com/mnews/article/005/0001634838?sid=102,"[
경찰청 국가수사본부 경계령“차단 기능 발달로 전통적 수법 재부상”



경기도에 사는 A씨는 최근 우편물을 하나 받았다. 발신인은 ‘중소기업 SOS 센터’였다. 개인사업자와 중소기업 육성자금 지원계획에 따라 저리로 자금을 대출해 준다는 안내장과 함께 신청서가 동봉돼 있었다. 그러나 해당 우편물은 보이스피싱 조직이 대출 사기를 위해 미끼로 보낸 가짜 서류였다. 경찰청 국가수사본부는 30일 가짜 우편물 발송 등 보이스피싱 조직이 피해자에게 접근하는 수법이 달라지고 있다며 주의를 당부했다. 문자 메시지나 전화로 접근하던 기존 보이스피싱 수법 외에 최근엔 가짜 우편물을 보내는 사례가 자주 발견된다고 한다. 통신사와 공공기관의 보이스피싱 차단 기능이 발달하자 오히려 과거의 ‘아날로그 방식’으로 회귀해 피해자를 속이는 양상을 보인다는 것이다.보이스피싱 조직은 종이 우편물은 가짜가 많지 않을 것이라는 통념을 악용했다. 실제 여러 피해자들이 금융·정부 기관 종사자가 공식 절차를 진행하는 것으로 믿었다가 피해를 봤다. 지난달에는 다량의 가짜 우편물 도착 안내서가 경북 경주 일대에서 발견돼 경찰이 수사에 나서기도 했다. 가짜 안내서에 적힌 전화번호로 전화하면 “신분증을 우편함에 넣어두라” “당신 우편물이 검찰청에 있다”고 속였다.국수본은 피해자를 직접 위협하는 수법도 증가하고 있다고 설명했다. 최근 강원도 춘천에서는 수사기관을 사칭한 일당이 한 20대 여성에게 “조사를 해야 하니 서울 송파구 한 모텔에 투숙하라”고 겁을 준 뒤 실제 모텔에 사흘간 감금하고 1억원을 뜯어내는 사건도 있었다.경찰 관계자는 “엄정 단속으로 대포폰 등 범행수단 단가가 급상승하자 범죄조직도 피해자를 직접 만나 피해금을 최대한 많이 뺏는 수법으로 바꾸고 있다”고 말했다.
		]"
phi,2023-08-30 12:03,보이스피싱도 ‘레트로’…‘공공기관 사칭 우편물’ 주의보,https://n.news.naver.com/mnews/article/028/0002654364?sid=102,"[




최근 경기도의 한 공공기관을 사칭해 보이스피싱(전화금융사기) 조직이 만든 가짜 우편물. 경찰청 제공‘2023년 하반기 개인사업자 중소기업육성자금 지원계획 공고. 하반기 지원규모: 4888억원. FAX 02-6499-9670 송부(접수 순으로 담당자 배정 후 개별 연락)’최근 보이스피싱(전화금융사기) 조직이 경기도의 한 공공기관을 사칭해 경기 하남·화성 일대에 뿌린 가짜 우편물이다. 해당 조직은 개인사업자나 제조사업자 등을 상대로 자금 지원을 지원해주겠다며 신청자의 전화번호 등 개인정보를 팩스로 보내도록 했다. 신청자를 대상으로 대출 사기를 벌이기 위해서다. 해당 조직은 우체국을 통해 무작위 발송을 시도하거나, 아파트에 침입해 세대별 우편함에 놓고 가기도 했다. 경찰청 국가수사본부는 30일 최근 보이스피싱 조직이 피해자에게 접근하는 수법이 대량 문자 발송에서 공공기관 사칭 우편물 발송 등으로 변화하고 있다며 주의를 당부했다. 이들은 주로 대량 발송 문자나 전화로 접근했었지만, 관련한 단속과 홍보 등이 강화되면서 수법이 변화하고 있는 것으로 경찰은 보고 있다. 유지훈 경찰청 금융범죄수사계장은 “우정사업본부 등에 공문을 보내 사전 확인 작업 등을 거치면서 아직 실제 피해 사례는 없지만, 우편물을 직접 세대별 우편함에 넣는 경우도 있어 주의가 필요하다”고 했다. 



우체국에서 특별송달 부재 시 남겨두고 가는 ‘우편물 도착 안내서’를 허위로 만들어 담당 집배원 전화번호를 통해 범죄조직으로 연락을 유도하는 사례도 늘고 있다. 경찰청 제공우체국에서 특별송달 부재 시 남겨두고 가는 ‘우편물 도착 안내서’를 허위로 만들어 담당 집배원 전화번호를 통해 보이스피싱 조직으로 연락을 유도하는 사례도 적발됐다.휴대전화 공기계 사용을 유도해 범행하는 경우도 늘고 있다. 최근 30대 남성 ㄱ씨는 “당신 계좌가 범행에 이용되었으니 조사를 받아야 한다. 공기계를 사서 연락하라”는 검사 사칭 전화를 받은 뒤 공기계에 악성 앱이 설치되면서 1억원을 뺏겼다. 경찰은 휴대전화에 설치한 백신 앱과 금융기관이나 통신사에서 운영 중인 악성 앱 차단 기능을 무력화시키기 위해 이 같은 방법을 활용하고 있다고 설명했다.피해자 신체 등을 실제 위협하는 사례도 잇따르고 있다. 강원도 춘천에 거주하는 20대 여성 ㄴ씨는 수사기관의 조사를 이유로 ‘서울 송파구 소재 모텔에 투숙하라’는 범죄조직의 연락을 받고 감금된 뒤 3일간 1억원을 뺏겼다. 20대 여성 ㄷ씨도 ‘당신은 도주 우려가 있어 보이니 텔레그램을 설치하고 24시간 영상통화를 켜두라’는 범죄조직의 지시로 신체검사를 명목으로 한 나체 촬영 피해를 입기도 했다.경찰은 강력해진 단속을 피하기 위해 초기 보이스피싱 형태로 돌아가고 있다고 분석했다. 유지훈 계장은 “고도화된 대응·차단 체계를 피하기 위해 오히려 전통적 수법이 활용되고 있다”며 “엄정한 단속으로 대포폰 등 각종 범행수단 단가가 급상승하면서 범죄조직도 피해자를 직접 만나 피해금을 최대한 많이 뺏는 방식으로 범죄 수법이 바뀌고 있다”고 말했다.
]"
phi,2023-09-07 5:00,"""보이스피싱 2~3년 내 크게 줄어들 것"" 합수단장 자신감 근거",https://n.news.naver.com/mnews/article/025/0003306149?sid=102,"[
  



 김호삼 보이스피싱범죄 정부합동수사단장은 4일 중앙일보와의 인터뷰에서 ""보이스피싱 합수단에서의 1년은 검사로서 의미 있는 시간이었다""며 ""민생 피해가 큰 범죄인만큼 정부에서 합수단 운영을 1년 연장한 것에 대해 긍정적으로 평가한다""고 말했다. 김종호 기자     “지금처럼 고강도 수사를 이어간다면 2~3년 내로 국내에서 보이스피싱 범죄가 크게 줄어들 수 있을 거라고 봅니다.”      4일 서울동부지방검찰청에서 만난 김호삼 보이스피싱 범죄 정부 합동 수사단장은 국내 보이스피싱 범죄가 사라질 수 있겠느냐는 질문에 조심스럽게 자신감을 내비쳤다. 보이스피싱은 지난해 경찰청 집계 신고 건수 2만 1832건, 피해금액 5438억원에 달한다. 지난해 7월 합수단 출범식에서 이원석 검찰총장(당시 직무대리)은 “보이스피싱은 피해자를 극단적 선택으로 몰아가는 악질적인 민생침해 범죄”라며 “합수단은 최말단의 인출책, 수거책, 명의 대여자, 중간단계의 콜센터 관리자, 배후에 숨은 조직수괴까지 발본색원하고 그 이익을 철저히 박탈할 것”이라고 말했다.       이 총장은 당시 “한 도둑을 열 사람이 막기 어렵다는 말이 있다. 그 만큼 여럿이 함께 힘을 모아야 16년간 해묵은 난제(2006년 첫 사례 보고)를 해결할 수 있다는 뜻”이라며 “국민이 안심하고 안전하게 금융거래를 할 수 있도록 하겠다는 목표를 이루기 위해, 총리실, 경찰, 국세청, 관세청, 금감원, 방통위, 검찰 등 정부 역량을 총동원해 협업한다는데 큰 의미가 있다”고 말했다.      검찰·경찰·국세청·관세청·금감원·방통위·출입국관리사무소 등에 소속된 56명이 손발을 맞춘 합수단은 출범 1년 만에 보이스피싱 피의자 284명을 입건하고, 국내외 총책 14명을 포함해 총 90명을 구속 기소했다. 김 단장의 지휘 아래 합수단은 이 총장의 의지를 상당부분 현실로 만든 셈이다.      ━   조주빈 잡았던 그 법리, 보이스피싱에도 적용       김 단장은 범죄단체조직죄(형법 114조)를 적극적으로 활용해 조직원을 일망타진하면서 형량(법정형:사형, 무기 또는 장기 4년 이상의 징역)을 높이고 범죄수익 환수를 극대화했다. 검찰은 2015년부터 보이스피싱 일당 처벌에 이 죄목을 활용하기 시작했지만 이같은 수사가 일반적으로 정착되진 않았었다. 다수의 구성원과 공동의 범죄 목적 외에도 최소한의 통솔체계와 조직의 계속성 등의 입증을 요구하는 까다로운 성립 요건 때문에 거점을 중국 등 해외에 두고 SNS 메신저 등을 통해 점조직 형태로 움직이는 보이스피싱 조직에 적용하기 쉽지 않았기 때문이다.        김 단장은 “범죄단체조직죄는 악질적인 조직 범죄에 가담한 이들의 형량을 높이고 범죄수익 환수 범위를 확대할 수 있는 강력한 무기”라며 “텔레그램 ‘박사방’ 운영자 조주빈 등을 이 법리를 활용해 처벌한 경험이 큰 도움이 됐다”고 말했다. 김 단장은 2020년 서울중앙지검 강력부장 시절 박사방을 “특정 목적으로 형성된 범죄조직”으로 의율하는데 성공했다. 주범 조주빈에게는 지난해 징역 42년 형이 확정됐다. 김 단장은 “온라인상에서 벌어진 조직범죄에 범죄단체조직죄를 적용한 건 세계적으로도 유례가 없었던 일”이라고 말했다. 지금까지 합수단은 검거한 10개 조직의 구성원들에게 범죄단체조직죄를 적용했다.        



인터넷 메신저 텔레그램에서 미성년자를 포함한 최소 74명의 성 착취물을 제작·유포한 혐의를 받는 '박사방' 운영자 조주빈(25)이 2020년 3월 서울 종로구 종로경찰서에서 서울중앙지방검찰청으로 이송되고 있다. 조주빈은 2021년 대법원 판결에서 징역 42년형을 선고받았다. 뉴스1.        지난해 9월 총책을 포함해 12명을 기소한 ‘광민파’ 사건은 대표적인 성과였다. 중국과 필리핀에 거점을 두고 활동했던 광민파에게 당한 피해자는 435명에 피해액은 26억원에 달했다. 대출 알선을 명목으로 접근한 광민파에게 6개월간 38회에 걸쳐 2억8000만원을 뜯겼던 40대 여성은 스스로 생을 마감하는 일도 있었다. 지난 6월 서울동부지법은 광민파 총책에게 징역 20년 형을 선고했다.      ━   “퇴직 교사 4510만원 돌려준 사건 기억에 남아”      김 단장은 보이스피싱 조직에게 5000만원을 뜯기고 낙담했던 71세 퇴직 교사에게 피해금액을 4년 만에 되찾아 돌려준 일을 “가장 보람있다고 생각하는 사건 중 하나”라고 꼽았다. 2019년 대만 국적의 현금 수거책이 돈을 들고 대만으로 도주했지만 법무부 국제형사과와 합수단은 끈질긴 사법 공조 노력 끝에 지난 6월 피해금액을 국내로 환수해 피해자에게 돌려줬다. 김 단장은 “보이스피싱 피해금을 국내로 환수한 최초 사례”라고 설명했다. 김 단장은 또 “총책 등 주요 조직원들이 대부분 조선족 등 외국인이거나 외국에 체류 중인 경우가 많다”며 “해외 사법 당국에 피의자의 범죄 내용을 문서화해 전달해 자국에서 처벌받을 수 있게 하는 방법을 연구 중”이라고 덧붙였다.     



김영옥 기자       범죄단체조직죄 활용도 합수단이 범죄수익 환수 성과를 높인 배경이 됐다. 범죄단체조직원으로 입증되면 피해자가 특정되지 않은 조직 자금도 환수할 수 있기 때문이다. 합수단은 1년 간 대포통장 계좌 73개를 확보해 피해자가 누군지 모르는 돈 12억원을 몰수 보전했다.         김 단장은 성과의 동력으로 “공조”를 꼽았다. 그는 “합수단은 출범 한 달 만에 보이스피싱 총책을 현장 검거했다”며 “당시 총책이 마약 사범이면서 조직폭력배와도 얽혀 있었는데, 검찰과 경찰이 사전에 역할을 분담한 뒤 동시 출동해 효율적으로 검거할 수 있었다”고 말했다. 2005년 검사로 임관한 김 단장은 “그동안 수사 경험에 비춰봐도, 이번 팀처럼 체포·압수수색 성공률이 높은 적은 없었다”며 “체포·압수수색을 나가서 빈손으로 온 적이 거의 없을 만큼 여러 부처 간 공조가 잘 이뤄졌다”고 자평했다.        



김호삼 보이스피싱 범죄 정부합동수사단장이 지난달 3일 서울 송파구 서울동부지방검찰청에서 수사단 출범 1년 성과 및 향후 방향에 대한 브리핑을 하고 있다. 지난해 7월 초대 합수단장을 맡아 지금까지 보이스피싱 관련 피의자 284명을 입건하고 90여명을 구속하는 성과를 냈다. 연합뉴스.     ━   댓글알바부터 구매대행 부업까지 신종 수법 이어져        김 단장은 “과거 수사기관, 금융기관, 공공기관, 지인 등을 사칭하는 방식이 주류였지만 최근엔 해외 직구 결제인증이나 택배발송을 빙자하는 형태가 늘고 있다”고 말했다. 구매대행 부업이나 쇼핑몰 댓글 알바 모집을 빙자한 수법도 만연하고 있다. 구매대행 부업이라고 피해자를 꾄 후에 ‘충전금’을 충전해야 한다며 돈을 편취하거나 11번가, G마켓 등 오픈 마켓을 사칭해 “물품을 사고 댓글 리뷰를 작성하면 수수료를 지급한다”고 꾀어 물품 값을 빼돌리는 식이다. 이 외에도 수사기관이 발신한 것처럼 꾸민 우편물을 우편함에 꽂아두거나, 택배 안내 메일인 척 악성 링크를 클릭하게 유도하는 식의 스미싱 사기도 꾸준히 발생하고 있다.          김 단장은 “2~3년간 집중 수사로 총책 엄벌 사례와 해외 공조의 노하우, 대국민 홍보 및 예방 활동이 누적돼 간다면 보이스피싱 피해범죄가 눈에 띄게 줄어들 수 있다고 생각한다”고 말했다. 실제 올해 상반기 보이스피싱 발생 건수는 9084건 피해액은 2050억원으로 지난해 같은 기간 1만2401건과 3068억원에 비해 각각 33.2%p, 26.7%p 줄었다. 김 단장은 “개별 조직의 노력만으로는 총책을 잡기 힘들고 피해가 여전히 극심한 만큼 합수단은 당분간 유지돼야 한다”고 말했다.   
]"
phi,2023-09-02 13:55,"경주경찰서, 우편물도착안내서 위조 신종보이스피싱 피의자 검거",https://n.news.naver.com/mnews/article/002/0002299037?sid=102,"[
			경북 경주경찰서는 ‘우편물 도착 안내서’를 위조한 신종수법 보이스피싱 피의자 A씨(43세)와 B씨(24세)를 검거하여 그중 A씨를 지난 8. 25. 구속하였다고 밝혔다. 경주경찰서에 따르면 A씨는 우체국이 등기우편물을 배달할 때 수취인 부재 등으로 배달치 못한 경우 우편물 도착 사실을 알리는 안내서인 우편물도착안내서’1,538매를 위조해 알바생 B씨를 시켜 경주시 일대 아파트 현관에 설치된 우편함에 투입하도록 했다. 이후 피해자들이 우편물을 찾기 위해 안내서에 기재된 휴대전화 번호로 전화를 하면 ‘우편물이 검찰청에 있다’,‘서울중앙지검 검사이고, 사건이 연루되어 변호사비로 500만원이 필요하다.’, ‘신분증을 우편함에 넣어두라’라고 하는 등 신종 보이스피싱 수법을 사용하여 금품을 편취하려한 혐의를 받고 있다. 다행히, 피해자들이 보이스피싱인 것을 눈치채고 경찰에 신고를 하여 금품피해는 없는 것으로 확인되었다.  한편 경주우체국 관계자에 따르면 이번에 발견된 ‘우편물 도착 안내서’는 과거에 사용된 서식을 위조한 것으로 보이며, 일부 지역 우체국에서는 과거 수기 형식 안내서를 사용하고 있었으나, 이번 사건을 계기로 우정사업본부에서 전국 우체국 모두 전자서식 우편물도착 안내서를 사용토록 변경을 하였다고 밝혔다.  경찰은 수사를 통해 공범이 더 있는 것을 확인하고 수사를 확대 중이며, 특히 해외에 있는 윗선에 대해서는 인터폴공조 및 적색수배 등을 통해 추적 검거할 예정이라고 밝혔다.  아울러, 경찰은 우편물 도착 안내서가 우편함에 있는 경우 가까운 우체국에 사실확인하고 ‘우편함에 신분증을 넣어두라’, ‘우편물이 검찰에 보관 중이다’라고 하는 경우 100% 보이스피싱 범죄로, 112로 신고해 줄 것을 당부했다. 



▲위조된 우편물도착안내서ⓒ경주경찰서 제공 
]"
phi,2023-08-30 19:59,“등기 찾아가세요” 전화 거니 피싱,https://n.news.naver.com/mnews/article/449/0000256647?sid=102,"[
			[앵커]보이스피싱 수법은 날이 갈수록 교묘하게 진화하고 있습니다. 전화나 문자 피싱은 성공 확률이 떨어지자, 아예 가짜 우편물을 만들어 보내 피해자를 속이는 새로운 방법까지 등장했습니다. 송진섭 기자입니다.[기자]이달 초 경기도의 한 중소기업으로 도착한 우편물.  경기도 산하기관에서 대출을 지원해준다는 내용입니다.  온라인에 검색해보니 실제 기관 이름과 주소도 같아 의심 없이 신청서를 내기로 결정했습니다.  [정태영 / 해당 중소기업 담당 직원] “지원센터라고 해서 공문이 와서 저희가 대출을 기획하고 있었기 때문에 대표님에게 말씀을 드렸죠.”  그런데 막상 신청서를 쓰는 과정에서 수상한 점을 발견했습니다.  [정태영 / 해당 중소기업 담당 직원] ""(신청서) 팩스를 집어넣고 나면 전화로 또 확인을 해야 되잖아요. 근데 전화번호가 없는 거예요. (지원센터에 연락해보니) 자기네는 공문을 보낸 적이 없다는 거예요.""  알고 보니 피싱 사기 일당이 제작한 가짜 우편물이었습니다.  신뢰를 준 뒤 대출 지원 사업을 핑계로 선납금, 수수료 등의 현금을 빼앗는 수법입니다.  우편물 도착 안내서도 새롭게 등장한 수법입니다.  가짜 안내서를 우편함에 넣은 뒤 피해자가 안내서에 적힌 연락처로 전화를 하면 개인 정보를 빼내는 겁니다.  경찰은 ""문자나 전화 피싱에 대한 경계심이 높아지자 오프라인 우편물을 이용하고 있다""고 설명했습니다. 경찰은 수상한 우편물을 받으면 해당 기관의 대표번호로 먼저 확인을 하라고 당부했습니다.  채널A 뉴스 송진섭입니다.영상취재: 김래범 영상편집: 강 민
		]"
phi,2023-07-28 11:08,"경찰 “대만발 괴소포, 독극물 없다” 결론…이 와중에 가짜 ‘우편물 도착안내서’ 보이스피싱 등장",https://n.news.naver.com/mnews/article/662/0000025253?sid=102,"[
경찰, 테러 연관성 조사 마무리개인정보 무단수집 혐의 검토우정사업본부, 보이스피싱 주의 당부



유해 의심 국제우편물. 우정사업본부 최근 ‘독극물 소포’ 의심사례로 파문을 일으켰던 ‘수상한’ 해외발 우편물에서 인체에 유해한 물질이 검출되지 않은 것으로 일단락됐다. 28일 경찰청에 따르면 국방과학연구소는 전날 우편물에 들어 있눈 ‘미지시료’ 검사를 마친 결과 위험물질이 없는 것으로 결론냈다. 이 검사는 성분이 불분명한 물질이 인체에 해로운지 확인하는 검사다.미지시료 결과에서 위험물질이 없음이 최종 확인되면서 경찰도 테러 연관성 조사를 마무리짓기로 했다. 국방과학연구소는 앞서 화학·생물·방사능 검사 결과 우편물에 위험물질이 없음이 확인했다. 그럼에도 지난 20일 울산에서 20일 우편물을 처음 신고한 울산의 한 장애인복지시설 관계자들이 팔저림 증상 등을 호소했고, 화학·생물·방사능 검사 이후에도 이상반응을 호소하자 미지시료 검사를 추가로 수행한 것이다. 27일 오전 5시까지 전국에서 수상한 국제우편물을 받았다는 신고가  3604건 접수됐다고 경찰은 집계했다.경찰은 이러한 우편물이 상품평 조작을 위해 주문하지 않은 물건을 아무에게나 발송하는 이른바 ‘브러싱 스캠(Brushing Scam)’ 일 것으로 판단, 개인정보 무단수집 등 혐의를 적용할 수 있는지 살펴보고 있다.경찰은 이 우편물이 대부분 중국에서 발송돼 대만을 거쳐 국내로 들어온 것으로 보고 중국 공안에 수사협조를 요청한 상태다.한편, 과학기술정보통신부 우정사업본부는 26일 최근 일부 지역에서 위조된 ‘우편물 도착안내서’를 통한 보이스피싱 의심사례가 발견되고 있다며 주의를 당부했다. 우편물 도착안내서는 등기우편물을 수취인 부재 때문에 배달하지 못한 경우 우편물 도착 사실을 알리려고 주소지 출입문 등에 붙이는 스티커 형태의 안내문이다. 특히 이번에 발견된 위조된 도착안내서는 우체국에서 발행하는 안내서와 형태가 다르다.허위 도착 안내서에 나온 전화번호로 전화하면 “신분증을 우편함에 넣어두라” 또는 “우편물이 검찰청에 있다”고 안내하는 등 보이스피싱을 시도하는 사례가 경북 경주에서 발견된 바 있다.우정사업본부 관계자는 “등기우편물을 실제 수령할 때 집배원에게 제시하는 경우를 제외하고는 절대로 신분증을 요구하지 않는다”는 사실을 강조하면서 “보이스피싱이 의심되는 우편물 도착 안내서를 발견했을 때 가까운 우체국이나 경찰에 신고해달라”고 덧붙였다.
]"
phi,2023-07-27 10:33,"'위조 우편물' 도착 안내서.. ""신종 보이스피싱 주의보""",https://n.news.naver.com/mnews/article/659/0000013508?sid=102,"[




사진출처 : 우정사업본부 위조 우편물 도착 안내서를 통한 신종 보이스피싱 시도 의심 사례가 처음으로 적발됐습니다.안내서에 적힌 전화번호로 전화를 걸면, 검찰청 직원이라고 사칭하며 신분증 등 개인정보를 요구한다는 것입니다.정부는 ""집배원을 통해 우편물을 받는 경우를 제외하면 신분증을 요구하지 않는다""며 주의를 당부했습니다.경북 경주경찰서는 최근 우체국의 우편물 도착 확인서를 위조한 보이스피싱 의심 신고 사건이 접수돼 수사하고 있다고 오늘(27일) 밝혔습니다.경찰에 따르면, 주민들이 안내서에 적힌 전화번호로 문의하면 통화 상대방은 검찰청 직원을 사칭했습니다.또 ""우편물이 검찰청에 있다"", ""안내서에 인적사항을 적고 신분증을 우편함에 넣어두라""고 요구했습니다.경찰은 이를 신종 보이스피싱 수법으로 의심하고 있습니다.불법적으로 알아낸 개인정보를 악용해 금융 사기를 벌일 수 있다는 것입니다.경찰은 현재 위조된 우편물 도착 안내서 45매를 수거하고, 전담팀을 편성해 CCTV 분석 등 용의자를 추적하고 있습니다.현재까지 금품 등 피해는 없는 것으로 알려졌습니다.우편물 도착 안내서는 등기우편물을 수취인 부재 때문에 배달하지 못한 경우 우편물 도착 사실을 알리려고 주소지 출입문 등에 부착하는 안내문입니다.이번에 발견된 도착 안내서는 우체국에서 발행하는 안내서의 형태와 완전히 다릅니다.우정사업본부는 등기우편물을 실제 수령할 때 집배원에게 제시하는 경우를 제외하고는 절대로 신분증을 요구하지 않는다고 주의를 당부했습니다.우정사업본부는 보이스피싱이 의심되는 우편물 도착 안내서를 발견했을 때 가까운 우체국이나 경찰에 신고해달라고 덧붙였습니다.
		]"
phi,2023-07-26 21:34,‘위조 우편물 도착안내서’ 주의보…보이스피싱 의심 사례 적발,https://n.news.naver.com/mnews/article/243/0000048016?sid=101,"[
우체국서 발행하는 안내서와 달라…보이스피싱 시도 “신분증 우편함에 넣어 두라” “우편물 검찰청에 있다”



우체국 도착안내서(왼쪽)와 위조된 안내서. [사진 우정사업본부][이코노미스트 마켓in 이승훈 기자] 과학기술정보통신부 우정사업본부는 26일 최근 일부 지역에서 위조 우편물 도착 안내서를 통한 보이스피싱 시도가 의심되는 사례가 발견되고 있다며 주의를 당부했다.우편물 도착 안내서는 등기우편물을 수취인 부재 때문에 배달하지 못한 경우 우편물 도착 사실을 알리려고 주소지 출입문 등에 부착하는 안내문이다. 우정사업본부는 이번에 발견된 위조된 도착 안내서는 우체국에서 발행하는 안내서와 형태가 다르다고 설명했다.우정사업본부에 따르면 허위 도착 안내서에 나온 전화번호로 전화하면 “신분증을 우편함에 넣어두라” 또는 “우편물이 검찰청에 있다”고 안내하는 등 보이스피싱을 시도하는 사례가 발견됐다.우정사업본부에서는 등기우편물을 실제 수령할 때 집배원에게 제시하는 경우를 제외하고는 절대로 신분증을 요구하지 않는다고 주의를 당부했다. 우정사업본부는 보이스피싱이 의심되는 우편물 도착 안내서를 발견했을 때 가까운 우체국이나 경찰에 신고해달라고 덧붙였다.
		]"
phi,2023-07-06 5:31,"“가짜 카드사부터 금감원 우편물 사칭까지”…금융권, 피싱 몸살",https://n.news.naver.com/mnews/article/018/0005523813?sid=101,"[
카드 발급 접수 등 스미싱 활개전 카드사 금융소비자 주의경보금감원 사칭한 레터피싱도 기승



우리카드 사칭 유의 안내문. (사진=우리카드)[이데일리 정두리 기자] 직장인 한모(35)씨는 최근 며칠새 카드사 사칭 문자에 몸살을 앓았다. 지금껏 한번도 사용해본 적 없는 A카드사에서 카드 신청접수가 됐다면서 “본인 신청이 아니라면 신고하라”는 내용의 문자가 왔지만, 확인해보니 신고접수 번호는 가짜였다. 얼마 뒤 B카드사라고 표시된 문자에서는 “카드를 신규 발급하면 현금을 제공한다”며 설계사 이름과 휴대폰 번호가 담긴 내용이 왔지만, 이조차 스미싱 메시지였다. 다음날 우편함을 확인한 한씨는 금융감독원으로부터 온 우편을 보고 경악을 금치 못했다. 한씨는 “우편을 열어보니 실명 금융 계좌 추적 민원이 있다는 내용이 있어 깜짝 놀라 담당 검사라고 적힌 연락처로 전화를 걸 뻔 했지만 알고보니 보이스피싱을 유도한 가짜 우편이었다”면서 “금융감독원장 직인까지 찍혀있어 하마터면 깜빡 속을 뻔 했다”고 말했다.금융권이나 공공기관을 사칭해 접근하는 스미싱 등 사기 행각이 급증하고 있어 각별한 주의가 요구된다. 5일 카드업계에 따르면 한씨의 사례처럼 최근 들어 불특정 다수에게 카드 발급 접수 또는 신고 접수를 유도하는 문자가 늘어나자 각 카드사 내부에서는 금융소비자주의경보가 내려졌다. 신한카드는 최근 홈페이지를 통해 ‘신한카드를 사칭한 카드 발급 안내 문자(스미싱) 주의’ 공지를 올리고 “신한카드를 사칭해 카드 발급을 안내하는 문자가 발송되고 있다”면서 사칭 피해를 주의해 달라고 당부했다. 우리카드 내부에서도 ‘우리카드 사칭 문자’ 관련 주의보를 내렸다. 우리WON 카드 앱 및 홈페이지 상 피해 주의 안내 팝업창을 게시하고, 우리WON카드 앱 고객 대상으로 피해 주의 안내 앱 푸시 알림을 발송했다. 고객센터 ARS 연결 시에는 피해 주의 음성 안내도 추가했다. 



삼성카드 모집인 사칭 금융 사기 문자 사례. (사진=삼성카드)삼성카드에서는 최근 삼성카드 모집인 사칭 금융 사기가 늘고 있다며 주의를 당부했다. 삼성카드는 안내 공지를 통해 “신용카드 모집인을 사칭해 현금 48만원 등 다양한 혜택을 제공하겠다며 카드 발급을 유도한 뒤 개인정보를 요구하는 금융 사기 사례가 발생하고 있다”면서 “신용카드 모집인은 연회비의 10%를 초과하는 과도한 경제적 이익을 제공할 수 없으며, 문자메시지를 통한 비대면 카드 발급을 하지 않는다”고 안내했다. 공공기관을 사칭한 신종 레터피싱 수법도 등장했다. 최근 온라인 커뮤니티와 유튜브 채널 등에서는 금융감독원을 사칭한 레터피싱을 경고하는 내용의 글과 영상이 퍼지고 있다. 신종 레터피싱은 금융감독원을 사칭해 금융 계좌추적 관련 협조 공문인 것처럼 위장해 불법 자금 확인 시 모든 계좌 동결처리 및 국고 환수조치 될 것이라는 내용의 ‘금융범죄 금융 계좌 추적 민원 안내서’를 우편으로 발송한다. 해당 안내서는 마치 우편 수령자가 금융범죄에 연루된 것처럼 꾸며 금융자산 보호신청서 발급을 통해 보호 조치를 받을 것을 권고한다. 이에 관련 문의를 위해 담당 검사라고 적힌 번호로 연락을 하면 보이스피싱으로 유도하는 방식이다.



최근 금융감독원을 사칭한 우편물 형식의 레터피싱 (사진=유튜브 채널 1분 미만 캡처)이처럼 금융권 사칭 행각이 늘어나는 가운데 금감원은 이날부터 보이스피싱 등으로 피해 발생시 피해자가 본인명의 계좌를 일괄 또는 선택해 지급정지할 수 있는 일괄지급정지 서비스를 오프라인 채널로 확대 시행키로 했다. 금감원은 “영업시간 외 야간 및 주말에도 고객센터를 통해 해당 서비스를 제공함으로써 신속한 피해 예방에 큰 도움이 될 것으로 기대된다”고 밝혔다.
]"
phi,2021-09-19 2:11,추석 노린 우체국 사칭 보이스피싱 '기승',https://n.news.naver.com/mnews/article/052/0001642316?sid=102,"[
			[앵커]추석 명절을 앞두고 우체국을 사칭한 보이스피싱, 즉 전화금융사기가 기승을 부리고 있습니다.ARS를 통해 반송 여부를 확인하면서 개인정보를 빼내는 수법인데 휴대전화나 문자가 아닌 일반전화로 걸어오면 더 쉽게 당할 수 있기 때문에 더욱 주의해야 합니다.보도에 KCTV 제주방송 김용원 기자입니다.[기자]회사 사무실로 걸려온 한 통의 전화.[보이스피싱 통화 내용 : 등기 우편물이 2회에 걸쳐 반송 처리가 돼 안내드리오니 확인을 부탁드립니다. 확인을 원하시면 1번, 상담원 연결은 0번을 눌러주십시오.]ARS 안내대로 통화를 이어갔지만, 목소리나 전화 대응 방식을 수상히 여겨 급하게 전화를 끊었습니다.[제보자 : ARS 디지털 음성으로 반송된 우편물이 있으니까 찾아가라 필요하면 상담사로 연결하라고 하고 ARS 디지털 전화로 우체국이라고 하더라고요.]우체국을 사칭한 보이스피싱이 최근 기승을 부리고 있습니다.반송된 물건이 있다며 상담원 통화를 유도한 뒤 개인정보 등을 빼내는 수법입니다.악성 어플 주소나 링크가 달린 문자 형식이 아니라 ARS를 이용해 무작위로 전화를 거는 변종 보이스피싱입니다.발신 번호가 표시되는 휴대폰과 달리 회사나 가정집으로 걸려오는 일반전화는 번호 식별이 안되고 ARS 안내이기 때문에 더 쉽게 당할 수 있습니다.[제보자 : 너무 놀란 건 보통 스팸이나 문자는 대응을 할 수 있었는데 이번에는 일반전화에 디지털 ARS로 그냥 구분이 안 될 정도로 오니까 100% 속아버리는 제가 스스로 많이 놀랐어요. 나도 속겠구나.]화물 배송 물량이 많은 추석 대목을 노려 관련 보이스피싱이 급증하면서 우체국에도 실제로 배송이나 반송 여부를 확인하는 민원이 잇따르고 있습니다.우정청은 이례적으로 경찰에도 해당 사실을 신고하고 각 우체국에 전파해 피해 예방에 주력하고 있습니다.[이승재 / 제주우편집중국 집배실장 : ARS로 우편물 관련 전화가 와서 기계적으로 1번이나 2번을 누르라고 하면 절대 누르시면 안 되고 이런 추석 대목에 우체국을 사칭하는 경우가 많아서 특히 요즘 같은 대목에는 조심해야 합니다.]우정청은 화물 배송이나 반송 여부를 ARS로 안내하는 경우는 없다며 추석 연휴를 앞두고 늘어나는 우체국 사칭 보이스피싱에 주의를 당부했습니다.KCTV뉴스 김용원입니다.※ '당신의 제보가 뉴스가 됩니다' YTN은 여러분의 소중한 제보를 기다립니다.[카카오톡] YTN을 검색해 채널 추가 [전화] 02-398-8585 [메일] social@ytn.co.kr [온라인 제보] www.ytn.co.kr
		]"
phi,2023-07-25 0:03,[언중언]‘우편물 테러’,https://n.news.naver.com/mnews/article/087/0000985018?sid=110,"[




2001년 9·11 테러 직후다. 백색이나 베이지색 가루가 든 우편물이 미국 곳곳으로 배달됐다. 배달된 우편물에는 탄저균이 들어 있었다. 그해 10월20일까지 미국 내에서만 6명이 탄저병 양성 반응을 보였다. 네덜란드·스위스·아르헨티나·영국·오스트레일리아·이스라엘·체코·포르투갈·폴란드 등에도 백색 가루가 든 우편물이 배달되면서 전 세계가 순식간에 생화학 테러 공포에 휩싸였다. ▼2020년 여름 중국에서 미국 곳곳으로 정체불명의 씨앗이 우편 배달됐다. 발송지가 중국이어서 중국발 생화학 테러 우려까지 제기됐다. 그러나 미국 농무부 산하 동식물검역소(APHIS)의 조사 결과 겨자 등 14종의 씨앗인 것으로 확인됐다. 주문하지 않은 물건을 무작위로 발송해 온라인 판매 실적을 부풀리는 일종의 사기 수법인 ‘브러싱 스캠(Brushing Scam)’으로 추정돼 놀란 가슴을 쓸어내렸다. ▼지난 20일 울산의 한 장애인복지시설에 배달된 정체불명의 대만발 국제 소포를 개봉한 직원 3명이 호흡 곤란, 마비 등의 증상을 호소했다는 소식이 전해지면서 ‘독극물 소포’에 대한 두려움이 전국으로 확산됐다. 도내에서도 21일부터 23일까지 정체불명의 대만발 국제 소포가 배달됐다는 31건의 신고가 접수됐다. 다행히 현재까지 특별한 피해 사례는 없는 것으로 확인된다. 당국은 해외 온라인 쇼핑몰의 실적 부풀리기를 위한 ‘브러싱 스캠’에 무게를 두면서도 혹시 모를 테러 가능성 등에 대비해 경계하고 있다. ▼택배가 일상이 되고 개인 신상정보는 이미 유출된 세상이다. 모든 사람이 상업용 스팸 메일이나 홍보물, 보이스피싱에 노출돼 시달리고 있다. 보안 전문가들은 노출된 정보로 위험에 처할 수 있다고 본다. 우편물을 이용한 범죄가 언제 어디서든 발생할 수 있는 셈이다. 때때로 듣지도 보지도 못한 누군가가 집 전화번호는 물론 가족관계와 식구들 휴대폰 번호까지 모두 알고 있다는 것이 놀랍다 못해 섬뜩한 기분에 사로잡힌다. 이제는 우편물 테러까지 걱정하며 살아가야 할 판이다.
]"
phi,2023-07-24 0:11,해외에서 온 '수상한 우편물'... 전국 '브러싱 스캠' 주의보,https://n.news.naver.com/mnews/article/469/0000751326?sid=102,"[
나흘 동안 전국 각지에서 2000건 신고미국은 '수상한 소포' 대응요령 체계적""우리도 브러싱 스캠 매뉴얼 마련해야""



울산, 경기 용인 등 21일부터 전국에 발송된 정체불명의 국제우편물. 경찰청 제공외국발(發) ‘우편물 주의보’가 발령됐다. 정체 불명의 소포 수천 개가 전국 곳곳에서 발견되면서 해외 소인이 찍힌 우편물 공포가 확산하고 있다. 우리도 정부ㆍ민간 차원의 대응 매뉴얼 마련 및 홍보가 필요한 시점이다.23일 경찰청에 따르면, 괴소포와 관련해 접수된 신고는 이날 오후 5시까지 나흘간 전국에서 총 2,058건에 이른다. 경찰은 우편물 정체가 불특정 시민을 상대로 한 테러 목적보다는 ‘브러싱 스캠(brushing scam)’일 가능성에 무게를 두고 있다.브러싱 스캠은 판매자가 주문하지 않은 물건을 아무에게나 발송한 뒤 수신자로 가장해 상품 리뷰를 올리는 행위다. 리뷰나 구매가 많은 제품을 선호하는 소비 성향에 근거해 온라인 쇼핑몰 판매 실적을 부풀리고 평점을 조작하기 위한 사기나 다름없다.이미 해외에선 브러싱 스캠으로 골치를 앓고 있다. 대표 사례가 2020년 미국과 캐나다에서 발생한 ‘씨앗 우편물’ 사건이다. 당시 미 켄터키와 버지니아 등 9개 주(州) 1,000여 가구에 중국에서 발송된 씨앗 소포가 배송됐다. 소포는 보석, 장난감 등으로 포장돼 있었지만 내용물은 나팔꽃, 히비스커스 등 16종의 식물 씨앗이었다. 미 당국은 “유해 성분은 발견되지 않았다”며 브러싱 스캠으로 결론 내렸다. 중국도 2019년 브러싱 스캠을 금지하는 법안까지 마련했을 정도로 해당 수법이 만연한 상황이다.이번 우리 사례도 유사하다. 소포 겉면에 배송 물품을 의류, 자외선차단제 등으로 적었지만 실제 내용물은 대체로 없고, 반송이 불가능하도록 발송 주소가 사서함인 점으로 미뤄 브러싱 스캠 확률이 높다는 것이다. 21일 대전에서 발견된 우편물 중 일부는 2020년 미국에 발송된 씨앗 소포와 같은 주소가 적혀 있는 것으로 알려졌다. 다행히 인명 피해는 없었지만, 재발 가능성이 큰 만큼 국민 불안 해소와 소비자 보호 차원에서 대책을 세워야 한다는 의견이 비등하다. 미국의 경우 2001년 우편물을 이용한 탄저균 테러로 5명이 숨진 후 편지ㆍ소포 등에 대한 대응 요령이 체계적으로 정비돼 있다.미 우편공사 검역국(USPIS)은 내용물이 의심되는 소포를 받았을 때 △맨손으로 만지거나 냄새를 맡지 말 것 △즉시 우편물 격리하고 안전거리 유지 △접촉했을 경우 온수와 비누로 손 세척 △주변 사람들에게 알리고 대피 등의 대응책을 안내하고 있다. 브러싱 스캠 의심 건도 “개인정보 유출을 막기 위해 주기적으로 비밀번호를 바꾸고 해당 온라인 쇼핑몰에 즉시 연락하라”고 권고한다. 아마존, 이베이 등 주요 온라인플랫폼 업체들 역시 자사 홈페이지에 브러싱 스캠 대처 방법을 소개하고 피해 사례를 접수하고 있다.하지만 한국은 국가정보원이 제작ㆍ배포한 ‘테러의심 우편물ㆍ택배 식별 및 대응요령’만 있을 뿐, 브러싱 스캠에 관한 매뉴얼은 전무하다. 한국소비자원 관계자는 “주문하지 않은 택배를 받으면 향후 분쟁 소지를 막기 위해 미개봉 상태로 두거나 버리지 않는 게 좋다”며 “발신자가 명확할 경우 해당 업체에 알리는 등 객관적 증빙 자료를 확보해야 할 것”이라고 조언했다. 염건웅 유원대 경찰학과 교수도 “보이스피싱, 스미싱 등의 금융범죄도 개인정보 유출에서 시작되는 만큼 각별한 주의가 필요하다”고 말했다.  



미국 우편공사(USPS)가 배포한 '내용물이 의심되는 우편물 수령 시 대처 매뉴얼' 포스터. USPS 제공
]"
