1	로 확인 되 었 다 한편 경주 우체국 관계자 에 따르 면 이번 에 발견 된 ‘ 우편물 도착 안내서 ’ 는 과거 에 사용 된 서식 을 위조 한 것 으로 보이 며 일부 지역 우체국 에서 는 과거 수기 형식 안내서 를 사용 하 고 있 었 으나 이번 사건 을 계기 로 우정사업본부 에서 전국 우체국 모두 전자 서식 우편물 도착 안내서 를 사용 토록 변경 을 하 였 다고 밝혔 다 경찰 은 수사 를 통해 공범 이 더 있 는 것 을 확인 하 고 수사 를 확대 중 이 며 특히 해외 에 있 는 윗선 에 대해서 는 인터폴 공조 및 적색 수배 등 을 통해 추적 검거 할 예정 이 라고 밝혔 다 아울러 경찰 은 우편물 도착 안내서 가 우편 함 에 있 는 경우 가까운 우체국 에 사실 확인 하 고 ‘ 우편 함 에 신분증 을 넣 어 두 라 ’ ‘ 우편물 이 검찰 에 보관 중 이 다 ’ 라고 하 는 경우 보이스 피싱 범죄 로 로 신고 해 줄 것 을 당부 했 다 ▲ 위조 된 우편물 도착 안내서 ⓒ 경주경찰서 제공 ]
1	관 의 대표 번호 로 전화 를 걸 어 진위 를 확인 해야 한다 또한 앱 설치 를 유도 하 는 문자 메시지 는 절대로 클릭 하 면 안 된다 URL 를 누르 면 휴대폰 에 악성 앱 이 설치 될 수 있 다 때문 에 모바일 백신 을 이용해 스미 싱 악 성 앱 설치 를 예방 하 는 것 이 좋 다 이 와 함께 통신사 금융 사 정부 기관 등 이 발송 하 는 스팸 스미 싱 보이스 피싱 등 의 주의 를 당부 하 는 안내 문자 를 미리 꼼꼼 하 게 읽 어 보 고 숙지 하 는 습관 도 중요 하 다 금융 피해 등 이 의심 되 는 일 이 발생 하 면 즉시 해당 금융 사 고객 센터 경찰청 금융 감독원 으로 문의 해 계좌 의 지급 정지 등 을 신청 하 는 것 이 바람직 하 다 특히 여기 서 중요 한 것 은 다른 사람 의 휴대 전화 로 도움 을 요청 해야 한다는 점 이 다 이미 본인 의 전화 번호 가 악성 앱 에 노출 됐 을 수 있 기 때문 에 전화 를 걸어도 보이스 피싱 범죄자 들 이 받 을 수 있 다 ． ]
1	체 등 을 실제 위협 하 는 사례 도 잇따르 고 있 다 강원도 춘천 에 거주 하 는 대 여성 ㄴ 씨 는 수사 기관 의 조사 를 이유 로 ‘ 서울 송파구 소재 모텔 에 투숙 하 라 ’ 는 범죄 조직 의 연락 을 받 고 감금 된 뒤 일간 억 원 을 뺏겼 다 대 여성 ㄷ 씨도 ‘ 당신 은 도주 우려 가 있 어 보이 니 텔레 그램 을 설치 하 고 시간 영상 통화 를 켜 두 라 ’ 는 범죄 조직 의 지시 로 신체 검사 를 명목 으로 한 나체 촬영 피해 를 입 기 도 했 다 경찰 은 강력 해진 단속 을 피하 기 위해 초기 보이스 피싱 형태 로 돌아가 고 있 다고 분석 했 다 유지훈 계장 은 “ 고도 화 된 대응 차단 체계 를 피하 기 위해 오히려 전통 적 수법 이 활용 되 고 있 다 ” 며 “ 엄정 한 단속 으로 대포 폰 등 각종 범행 수단 단가 가 급상승 하 면서 범죄 조직 도 피해자 를 직접 만나 피해 금 을 최대한 많이 뺏 는 방식 으로 범죄 수법 이 바뀌 고 있 다 ” 고 말 했 다 ]
1	환수 조치 될 것 이 라는 내용 의 ‘ 금융 범죄 금융 계좌 추적 민원 안내서 ’ 를 우편 으로 발송 한다 해당 안내서 는 마치 우편 수령자 가 금융 범죄 에 연루 된 것 처럼 꾸며 금융 자산 보호 신청서 발급 을 통해 보호 조치 를 받 을 것 을 권고 한다 이 에 관련 문의 를 위해 담당 검사 라고 적힌 번호 로 연락 을 하 면 보이스 피싱 으로 유도 하 는 방식 이 다 최근 금융 감독원 을 사칭 한 우편물 형식 의 레터 피싱 사진 유튜브 채널 분 미만 캡 처이 처럼 금융 권 사칭 행각 이 늘어나 는 가운데 금감원 은 이날 부터 보이스 피싱 등 으로 피해 발생 시 피해자 가 본 인명 의 계좌 를 일괄 또는 선택 해 지급 정지 할 수 있 는 일괄 지급 정지 서비스 를 오프라인 채널 로 확대 시행 키로 했 다 금감원 은 “ 영업시간 외 야간 및 주말 에 도 고객 센터 를 통해 해당 서비스 를 제공 함 으로써 신속 한 피해 예방 에 큰 도움 이 될 것 으로 기대 된다 ” 고 밝혔 다 ]
1	분증 을 우편 함 에 넣 어 두 라라 거나 우편물 이 검찰청 에 있 다고 속이 는 수법 이 었 다 특히 우편물 은 일반인 에게 생소 한 공공 기관 문서 처럼 꾸며져 피해자 가 내용물 의 진위 여부 를 알 기 쉽 지 않 다 경찰 은 또 최근 악 성 앱 차단 기능 이 없 는 휴대 전화 공기 계 를 사용 하 도록 강요 하 는 사례 도 발생 하 고 있 다고 경고 했 다 검사 를 사칭 해 수사 에 협조 하 라며 휴대 전화 공기 계 를 구매 하 게 한 뒤 악 성 앱 을 깔 게 하 고 피해자 를 조종 해 돈 을 가로채 는 식 이 다 또 수사 절차 라고 속여 피해자 를 모텔 로 유인 해 감금 하 거나 피해자 의 신체 부위 를 촬영 해 돈 을 뜯어내 는 사례 도 있 었 다 경찰청 관계자 는 전화 나 문자 를 이용 한 전화 금융 사기 에 대한 단속 이 강화 되 자 범죄 조직 들 이 오히려 전통 적 수법 을 활용 하 고 있 는 것 으로 보인다고 말 했 다 박우 인 기자 wiparksedailycom ]
1	content
1	한 점 을 발견 했 습니다 [ 정태영 해당 중소기업 담당 직원 ] 신청서 팩스 를 집어넣 고 나 면 전화 로 또 확인 을 해야 되 잖아요 근데 전화 번호 가 없 는 거 예요 지원 센터 에 연락 해 보 니 자기 네 는 공문 을 보낸 적 이 없 다는 거 예요 알 고 보 니 피싱 사기 일당 이 제작 한 가짜 우편물 이 었 습니다 신뢰 를 준 뒤 대출 지원 사업 을 핑계 로 선납금 수수료 등 의 현금 을 빼앗 는 수법 입니다 우편물 도착 안내서 도 새롭 게 등장 한 수법 입니다 가짜 안내서 를 우편 함 에 넣 은 뒤 피해자 가 안내서 에 적힌 연락처 로 전화 를 하 면 개인 정보 를 빼내 는 겁니다 경찰 은 문자 나 전화 피싱 에 대한 경계심 이 높 아 지 자 오프라인 우편물 을 이용 하 고 있 다고 설명 했 습니다 경찰 은 수상 한 우편물 을 받 으면 해당 기관 의 대표 번호 로 먼저 확인 을 하 라고 당부 했 습니다 채널 A 뉴스 송진섭 입니다 영상 취재 김 래 범 영상 편집 강 민 ]
1	다 사진 과 기정 통부 제공 재판매 및 DB 금지 또 범죄 조직 이 국내 이용자 의 전화 번호 를 도용 해 해외 로밍 형태 로 전화 번호 를 거짓 표시 하 고 가족 을 사칭 하 는 등 보이스 피싱 에 악용 하 는 사례 도 막 는다 이 를 위해 국내 에 있 는 것 이 명확 한 경우 해당 번호 의 정상 로밍 여부 등 을 확인 한 후 국제 전화 수신 을 차단 할 계획 이 다 다만 이 서비스 는 위치 정보 를 기반 으로 제공 되 기 때문 에 자사 통신사 간 이용자 에게 우선 제공 할 예정 이 다 과기 정통부 관계자 는 융 복합 기술 과 새로운 서비스 를 악용 해 이동 통신 이용자 를 대상 으로 한 범죄 수법 이 더욱 교묘 화 정교 화 되 고 있 다며 과기 정통부 는 스마트폰 이 일상 화 된 디지털 시대 에 통신 서비스 를 악용 한 보이스 피싱 범죄 근절 을 위해 이 통사 제조사 관련 부처 등 과 협력 해 기술 개발 제도 마련 등 다양 한 정책 들 을 적극 추진 하 겠 다고 말 했 다 ． ]
1	러 피해자 들 이 금융 정부 기관 종사자 가 공식 절차 를 진행 하 는 것 으로 믿 었 다가 피해 를 봤 다 지난달 에 는 다량 의 가짜 우편물 도착 안내서 가 경북 경주 일대 에서 발견 돼 경찰 이 수사 에 나서 기 도 했 다 가짜 안내서 에 적힌 전화 번호 로 전화 하 면 “ 신분증 을 우편 함 에 넣 어 두 라 ” “ 당신 우편물 이 검찰청 에 있 다 ” 고 속였 다 국수 본 은 피해자 를 직접 위협 하 는 수법 도 증가 하 고 있 다고 설명 했 다 최근 강원도 춘천 에서 는 수사 기관 을 사칭 한 일당 이 한 대 여성 에게 “ 조사 를 해야 하 니 서울 송파구 한 모텔 에 투숙 하 라 ” 고 겁 을 준 뒤 실제 모텔 에 사흘 간 감금 하 고 억 원 을 뜯어내 는 사건 도 있 었 다 경찰 관계자 는 “ 엄정 단속 으로 대포 폰 등 범행 수단 단가 가 급상승 하 자 범죄 조직 도 피해자 를 직접 만나 피해 금 을 최대한 많이 뺏 는 수법 으로 바꾸 고 있 다 ” 고 말 했 다 ]
1	피싱 수법 으로 의심 하 고 있 습니다 불법 적 으로 알아낸 개인 정보 를 악용 해 금융 사기 를 벌일 수 있 다는 것 입니다 경찰 은 현재 위조 된 우편물 도착 안내서 매 를 수거 하 고 전담 팀 을 편성 해 CCTV 분석 등 용의자 를 추적 하 고 있 습니다 현재 까지 금품 등 피해 는 없 는 것 으로 알려졌 습니다 우편물 도착 안내서 는 등기 우편물 을 수취인 부재 때문 에 배달 하 지 못한 경우 우편물 도착 사실 을 알리 려고 주소지 출입문 등 에 부착 하 는 안내문 입니다 이번 에 발견 된 도착 안내서 는 우체국 에서 발행 하 는 안내서 의 형태 와 완전히 다릅니다 우정사업본부 는 등기 우편물 을 실제 수령 할 때 집배원 에게 제시 하 는 경우 를 제외 하 고 는 절대로 신분증 을 요구 하 지 않 는다고 주의 를 당부 했 습니다 우정사업본부 는 보이스 피싱 이 의심 되 는 우편물 도착 안내서 를 발견 했 을 때 가까운 우체국 이나 경찰 에 신고 해 달 라고 덧붙였 습니다 ]
1	인 서비스 ▲ 법무부 시간 찐 센터 ▲ 금감원 개인 정보 노출 사고 예방 시스템 ▲ 내 계좌 일괄 지급 정지 를 위한 금융 사 고객 센터 전화 번호 등 사기 가 의심 될 때 필요 한 정보 들 을 한 번 에 확인 할 수 있 게 했 다 가족 들 만 알 수 있 는 암호 를 미리 정해 가족 사칭 보이스 피싱 에 대응 하 는 ‘ 우리 가족 암호 만들 기 ’ 컨텐츠 와 신한은행 에 접수 되 는 각종 사칭 문자 메세지 를 원문 그대로 알림 톡 으로 전달 해 주 는 ‘ 불법 사칭 문자 구독 서비스 ’ 도 탑재 했 다지 켜 요 는 신한은행 모바일 뱅킹 쏠 SOL 내 전체 메뉴 고객 센터 에서 이용 할 수 있 다 신한은행 측 은 지켜 요 플랫 폼 은 약 개월 간 보이스 피싱 수법 과 금융 소비자 들 의 니즈 에 대한 빅 데이터 를 분석 해 자체 개발 했 다며 금융 소비자 보호 정책 을 총괄 하 는 소비자 지원 부 를 비롯 한 개 부서 가 개발 부터 운영 까지 함께 참여 하 고 있 다고 설명 했 다 ]
1	엄청 봤 다 보이스 피싱 에 대해 달인 이 라고 생각 했 다고 말 했 다 그러나 서정희 는 이후 한 차례 더 보이스 피싱 에 당할 뻔 했 다고 그 는 미용실 에 갔 는데 동주 에게 문자 가 왔 다 핸드폰 고장 나 서 폰 수리 점 에 왔 는데 폰 을 맡기 니까 문자 가 안 될 거 라고 했 다 이 번호 로 문자 하 라고 하 더라 그리고 나 서 엄마 통장 으로 수리 보상금 받 으려고 하 는 데 민 증 보내 라고 했 다며 당시 상황 을 설명 했 다 그러 면서 빨리 주민 번호 민 증 보내 라 하 더라 민 증이 라는 단어 를 몰랐 는데 미용실 직원 이 주민 등록증 이 라더라 계좌 비번 도 보내 라 하 더라 비밀 번호 는 네 가 보내 지 말 라고 했잖아 라고 했 더니 문자 내역 을 지울 거 라고 했 다 비밀 번호 첫 자리 를 누르 려는데 정신 이 돌아왔 다 동주 에게 전화 했 더니 병원 이 라더라 그때 땀 이 뚝뚝 떨어지 더라 안 당했 다며 안도 의 한숨 을 쉬 었 다 사진 MBN 방송 화면 ]
1	 피싱 의 심사 례 가 발견 되 고 있 다며 주의 를 당부 했 다 우편물 도착 안내서 는 등기 우편물 을 수취인 부재 때문 에 배달 하 지 못한 경우 우편물 도착 사실 을 알리 려고 주소지 출입문 등 에 붙이 는 스티커 형태 의 안내문 이 다 특히 이번 에 발견 된 위조 된 도착 안내서 는 우체국 에서 발행 하 는 안내서 와 형태 가 다르 다 허위 도착 안내서 에 나온 전화 번호 로 전화 하 면 “ 신분증 을 우편 함 에 넣 어 두 라 ” 또는 “ 우편물 이 검찰청 에 있 다 ” 고 안내 하 는 등 보이스 피싱 을 시도 하 는 사례 가 경북 경주 에서 발견 된 바 있 다 우정사업본부 관계자 는 “ 등기 우편물 을 실제 수령 할 때 집배원 에게 제시 하 는 경우 를 제외 하 고 는 절대로 신분증 을 요구 하 지 않 는다 ” 는 사실 을 강조 하 면서 “ 보이스 피싱 이 의심 되 는 우편물 도착 안내서 를 발견 했 을 때 가까운 우체국 이나 경찰 에 신고 해 달 라 ” 고 덧붙였 다 ]
1	수협 은행 관계자 는 대응 매뉴얼 에 따라 즉시 고객 계좌 에 대한 지급 정지 조치 를 시행 했 고 보이스 피싱 여부 확인 에 나섰 다 그 결과 사기 행각 을 벌인 용의자 들 은 중국 등 해외 IP 를 통해 메신저 에 접속 했으며 자녀 를 사칭 하 면서 송금 을 유도 하 는 전형 적 인 메신저 피싱 범죄 조직 인 것 으로 드러났 다 수협 은행 관계자 는 적극 적 이 고 선제 적 인 대응 을 통해 보이스 피싱 사기 로부터 고객 의 소중 한 자산 을 지켜 내 고 금감원 을 비롯 한 금융 당국 과 은행 권 에 용의자 들 의 범죄 수법 을 널리 알려 또 다른 피해자 가 발생 하 지 않 도록 예방 에 주력 하 고 있 다고 설명 했 다 수협 은행 은 나날이 진화 하 는 보이스 피싱 사기 수법 에 대응 하 기 위해 이상 금융 거래 탐지 시스템 FDS 에 인공지능 AI 과 딥 러닝 등 디지털 기술 을 적용 하 는 고도 화 프로젝트 를 추진 하 고 있 으며 이 를 연내 마무리 지 을 예정 이 다 ]
1	 사기 당한 적 이 없 냐는 질문 을 받 았 다 천우희 는 워낙 의심 이 많 은 편 이 라 절대 사기 를 당하 지 않 을 것 같 다는 생각 을 했 다며 사기 를 당할 뻔 한 적 은 있 었 다 극 중 대사 처럼 사기 꾼 이 찍 은 사람 이 사기 를 당한다는 말 이 믿 어 지 더라 라고 언급 했 다 실제로 천우희 의 모친 역시 불과 몇 년 전 보이스 피싱 을 당할 뻔 했 다고 천우희 는 엄마 에게 내 가 납치 되 었 다는 전화 가 왔 다고 하 더라 엄마 도 크 게 사기 당할 뻔하 셨 다고 덧붙였 다 이로운 사기 는 공감 불능 사기 꾼 이 로움 천우희 분과 과공 감 변호사 한무영 김동욱 분 너무 다른 두 사람 의 절대 악 을 향한 복수 극 이 자 공조 사기극 이 다 천우희 는 절대 악 을 향한 짜릿 한 공조 사기극 부터 가랑비 에 옷 젖 듯 보 는 이 들 의 마음 을 녹이 는 로맨스 까지 안방 극장 이 푹 빠져들 게 했 다류 예지 텐 아시아 기자 ryuperstartenasiacokr ]
1	 절대 받 지 마세요 라며 그리고 본인 이 아닌 경우 가족 이 가족 관계 증명서 와 신분증 을 지참 하 더라도 금융 감독원 또는 금융 결제 원 혹은 각 은행 에서 는 계좌 지급 정지 를 할 수 없 다고 전달 받 았 다고 말 했 다 이 어 보이스 피싱 예방 의 중요 성 을 알리 며 말 을 끝마쳤 다 이 를 본 네이트 판 네티즌 들 은 안심 하 며 무사 하 셔서 다행 이 다 가족 과 의 만남 자체 를 차단 시키 다니 정말 치졸 하 다 국제 수신 전화 나 모르 는 번호 를 받 지 않 도록 어르신 들 께 당부 해라 등 의 반응 을 보였 다 앞서 A 씨 는 평소 에 엄마 가 전화 를 꺼두 거나 배터리 가 없 는 일 이 절대 없 는데 오늘 일 오후 시 쯤 보이스 피싱 전화 를 받 은 이후 로부터 현재 까지 전화 가 계속 꺼져 있 는 상태 다 라는 글 을 올려 실종 소식 을 전한 바 있 다 조서현 기자 rlayandtcokr 엄마 를 찾 았 다고 말 하 며 수정 한 글 [ 네이트 판 캡처 ] ]
1	실제로 배송 이나 반송 여부 를 확인 하 는 민원 이 잇따르 고 있 습니다 우정 청 은 이례 적 으로 경찰 에 도 해당 사실 을 신고 하 고 각 우체국 에 전파 해 피해 예방 에 주력 하 고 있 습니다 [ 이승재 제주 우편 집중국 집배 실장 ARS 로 우편물 관련 전화 가 와서 기계 적 으로 번 이나 번 을 누르 라고 하 면 절대 누르 시 면 안 되 고 이런 추석 대목 에 우체국 을 사칭 하 는 경우 가 많 아서 특히 요즘 같 은 대목 에 는 조심 해야 합니다 ] 우 정청 은 화물 배송 이나 반송 여부 를 ARS 로 안내 하 는 경우 는 없 다며 추석 연휴 를 앞두 고 늘어나 는 우체국 사칭 보이스 피싱 에 주의 를 당부 했 습니다 KCTV 뉴스 김용원 입니다 ※ 당신 의 제보 가 뉴스 가 됩니다 YTN 은 여러분 의 소중 한 제보 를 기다립니다 [ 카카오톡 ] YTN 을 검색 해 채널 추가 [ 전화 ] [ 메일 ] socialytncokr [ 온라인 제보 ] wwwytncokr ]
1	했 다 은행 별 로 보 면 KB 국민은행 이 만 건 으로 가장 많 았 으며 신한은행 우리은행 하나 은행 순 이 었 다 시중 은행 대포 통장 적 발 현황 [ 자료 제공 국민 의 힘 유 의 동 의원 실 ] 이렇게 보이스 피싱 에 사용 된 대포통장 으로 인한 피해액 은 년 부터 년 까지 년 간 총 억 원 이 었 다 해당 통계 는 보이스 피싱 에 사용 된 ‘ 통신사 기피 해 환급 법 ’ 에 따라 지급 정지 된 사기 이용 계좌 에 대한 것 이 기 때문 에 리딩 투자 사기 가 상 화폐 도박 등 에 사용 된 대포통장 은 이 보다 더 많 을 것 으로 보인다 유 의원 은 “ 보이스 피싱 은 우리 서민 들 특히 가장 약한 고리 를 건드려서 돈 을 탈취 하 는 악질 의 사기 범죄 이 기 때문 에 이런 범죄 에 사용 되 는 대포통장 의 고리 는 반드시 끊 어야 한다 ” 며 “ 정부 와 금융 당국 또한 대포통장 근절 을 위한 가이드라인 을 제정 하 는 등 강력 한 의지 를 보여야 한다 ” 고 말 했 다 ]
1	 해당 기관 의 대표 번호 로 전화 를 걸 어 진위 를 확인 해야 한다 앱 설치 를 유도 하 는 문자 메시지 는 절대로 클릭 하 면 안 된다 URL 를 누르 면 휴대폰 에 악성 앱 이 설치 될 수 있 다 때문 에 모바일 백신 을 이용해 스미 싱 악 성 앱 설치 를 예방 하 는 것 이 좋 다 이 와 함께 통신사 금융 사 정부 기관 등 이 발송 하 는 스팸 스미 싱 보이스 피싱 등 의 주의 를 당부 하 는 안내 문자 를 미리 꼼꼼 하 게 읽 어 보 고 숙지 하 는 습관 도 중요 하 다 금융 피해 등 이 의심 되 는 일 이 발생 하 면 즉시 해당 금융 사 고객 센터 경찰청 금융 감독원 으로 문의 해 계좌 의 지급 정지 등 을 신청 하 는 것 이 바람직 하 다 특히 여기 서 중요 한 것 은 다른 사람 의 휴대 전화 로 도움 을 요청 해야 한다는 점 이 다 이미 본인 의 전화 번호 가 악성 앱 에 노출 됐 을 수 있 기 때문 에 전화 를 걸어도 보이스 피싱 범죄자 들 이 받 을 수 있 다 ]
1	[ 보이스 피싱 수법 날 로 진화 하 고 있 는데요 우편물 도착 안내서 를 위조 한 신종 보이스 피싱 이 최근 기승 을 부리 면서 각별 한 주의 가 필요 합니다 위조 된 우편물 도착 안내서 를 문 앞 에 붙여 두 거나 위조 우편물 을 우편 함 에 둬 연락 을 유도 하 는 방식 인데요 안내서 에 적힌 전화 번호 로 연락 하 면 신분증 을 우편 함 에 넣 어 두 세요 라거나 우편물 이 검찰청 에 있 습니다 라면서 보이스 피싱 을 시도 하 는 겁니다 실제로 지난달 경주경찰서 가 우편물 도착 안내서 를 위조 한 보이스 피싱 범 들 을 붙잡 아 구속 했 는데요 피해 를 막 기 위해서 는 의심 스러운 안내문 이나 우편물 을 받 은 경우 우편물 에 적힌 전화 번호 가 아닌 해당 기관 의 대표 번호 로 전화 를 걸 어 진위 를 확인 해야 한다고 기사 는 조언 했 습니다 화면 출처 우정사업본부 뉴시스 ]
1	 고 권고 한다 아마존 이베이 등 주요 온라인 플랫 폼 업체 들 역시 자사 홈페이지 에 브 러 싱 스 캠 대처 방법 을 소개 하 고 피해 사례 를 접수 하 고 있 다 하지만 한국 은 국가 정보원 이 제작 ㆍ배포한 ‘ 테러 의심 우편물 ㆍ택배 식별 및 대응 요령 ’ 만 있 을 뿐 브 러 싱 스 캠 에 관한 매뉴얼 은 전무 하 다 한국 소비 자원 관계자 는 “ 주문 하 지 않 은 택배 를 받 으면 향후 분쟁 소지 를 막 기 위해 미개 봉 상태 로 두 거나 버리 지 않 는 게 좋 다 ” 며 “ 발신자 가 명확 할 경우 해당 업체 에 알리 는 등 객관 적 증빙 자료 를 확보 해야 할 것 ” 이 라고 조언 했 다 염건 웅 유원대 경찰학 과 교수 도 “ 보이스 피싱 스미 싱 등 의 금융 범죄 도 개인 정보 유출 에서 시작 되 는 만큼 각별 한 주의 가 필요 하 다 ” 고 말 했 다 미국 우편 공사 USPS 가 배포 한 내용물 이 의심 되 는 우편물 수령 시 대처 매뉴얼 포스터 USPS 제공 ]
1	일 부터 일 까지 정체불명 의 대만 발 국제 소포 가 배달 됐 다는 건 의 신고 가 접수 됐 다 다행히 현재 까지 특별 한 피해 사례 는 없 는 것 으로 확인 된다 당국 은 해외 온라인 쇼핑몰 의 실적 부풀리 기 를 위한 ‘ 브 러 싱 스 캠 ’ 에 무게 를 두 면서 도 혹시 모를 테 러 가능 성 등 에 대비 해 경계 하 고 있 다 ▼ 택배 가 일상 이 되 고 개인 신상 정보 는 이미 유출 된 세상 이 다 모든 사람 이 상업 용 스팸 메일 이나 홍보물 보이스 피싱 에 노출 돼 시달리 고 있 다 보 안 전문가 들 은 노출 된 정보 로 위험 에 처할 수 있 다고 본다 우편물 을 이용 한 범죄 가 언제 어디 서 든 발생 할 수 있 는 셈 이 다 때때로 듣 지 도 보 지 도 못한 누군가 가 집 전화 번호 는 물론 가족 관계 와 식구 들 휴대폰 번호 까지 모두 알 고 있 다는 것 이 놀랍 다 못해 섬뜩 한 기분 에 사로잡힌다 이제 는 우편물 테러 까지 걱정 하 며 살아가 야 할 판 이 다 ]
1	기술 이 적용 된 ‘ 가짜 ’ 아들 의 목소리 를 들려 줬 고 부모 는 감쪽같이 속아 돈 을 송금 했 다년 에 영국 에서 는 CEO 가 같 은 수법 에 당했 다 당시 보이스 피싱 일당 이 독일 의 한 에너지 회사 최고 경영자 CEO 의 목소리 를 AI 기술 로 흉내 내 영국 의 자회사 CEO 로부터 만유 로 약 억만 원 를 갈취 했 다 정 교수 연구 팀 은 “ 딥 페이크 음성 변조 를 통한 고도 화 된 보이스 피싱 을 사전 에 탐지 방어 함 으로써 금융 피해 확산 차단 효과 가 기대 된다 ” 며 “ 해당 연구 는 딥 페이크 기반 으로 새롭 게 등장 한 보이스 피싱 공격 에 대한 경각심 을 높이 고 이 를 통해 개인 및 기업 모두 에서 딥 페이크 보이스 기술 로 인한 범죄 및 재정 적 손실 을 줄일 수 있 다 ” 고 했 다 그러 면서 “ 특정 개인 이나 공인 의 신분 을 흉내 내 사회 적 명성 을 훼손 하 는 등 의 예방 을 통해 사회 안정 에 도 기여 할 수 있 다 ” 고 했 다 ]
1	문제 가 있 는 게 아니 다 저희 엄마 가 보이스 피싱 을 당할 뻔 한 적 도 있 었 다 딸 이 납치 됐 다는 내용 이 었 다 웃음 평소 에 의심 이 정말 많 은 편 이 다 잭 팟 을 터트리 거나 허황 된 것 들 을 믿 지 않 는다 그래서 세상 에 공짜 가 어딨 냐고 생각 해서 절대 사기 당할 일 은 없 다고 생각 했 는데 정신 을 똑바로 차리 고 살 아야 겠다고 생각 했 다 사진 제공 에 이치 엔드 엔터 테 인 먼 트 이로운 사기 키스 신 은 어떻게 촬영 했 나 ▶ 드라마 가 너무 어렵 다 밤 을 새 도 예뻐야 한다 키스 신 을 많이 찍 어 본 적 이 없 다 보 니 예쁘 게 나올 만 한 상황 을 연기 적 으로 연출 하 는 게 쉽 지 않 았 다 오빠 는 아무렇 지 않 게 진지 하 게 해서 역시 엄 지척 했 다 저 는 머쓱 했 다 예쁘 게 나오 는 게 생각 보다 어려웠 다 키스 신 을 많이 하 지 않 았 다 작품 을 꼽 을 수 있 을 정도 다 lt 【 N 인터뷰 】③ 에 계속 gt ]
1	존 인터뷰 영상 에서 추출 한 음성 만 으로 완벽 하 게 생성 해냈 다 목소리 가 담긴 영상 이 있 다면 완벽 하 게 흉내 낼 수 있 는 시대 가 도래 했 다 신기 함 이 황당 함 으로 바뀌 는 데 는 시간 이 그리 걸리 지 않 았 다 완벽 하 게 생성 한 목소리 가 범죄 에 이용 되 기 시작 한 것 이 다 캐나다 에서 는 아들 의 목소리 를 이용 해 부모 에게 사기 를 친 보이스 피싱 범죄 가 발생 했 고 미국 에서 도 기업체 의 사장 목소리 를 이용 한 사기 시도 가 드러났 다 어색 한 말투 와 억양 때문 에 보이스 피싱 을 들켰 다는 식 의 유머 는 이제 국내 에서 도 통하 지 않 을 것 이 다 수사 기관 이 긴장 하 지 않 을 수 없 다 경찰청 은 최근 대화 형 인공지능 챗 봇 서비스 상용 화 에 따른 사이버 범죄 대응 방 안 에 대한 연구 를 발주 했 고 대검찰청 도 가짜 음성 탐지 기술 개발 에 나섰 다 이제 딱 그 사람 인 목소리 도 의심 할 수 밖에 없 는 시대 다 ]
1	결과 응답 자 명 중 명은 AI 음성 을 사용 한 보이스 피싱 전화 를 받 은 적 이 있 었 다 또 이 들 중 는 실제 송금 까지 했 다 그 로브 먼 CTO 는 AI 음성 기술 에 는 오디오북 제작 언어 장애인 의 의사소통 보조 등 합법 적 인 사용 사례 도 존재 해 “ 전면 금지 는 불 가능 하 다 ” 고 말 했 다 맥아피 는 보고서 에서 AI 보이스 피싱 피해 를 방지 하 기 위해 가족 간 암호 를 사용 하 고 SNS 등 에 음성 을 공개 할 때 주의 를 기울이 라고 조언 했 다 컨설팅 업체 맥킨지 글로벌 연구소 는 일 발표 한 보고서 에서 생성 형 AI 가 업무 자동화 를 통해 근로 시간 을 까지 줄여 생산 성 을 극대 화 할 수 있 으며 년 부터 년 까지 모든 업무 의 절반 을 자동 화 할 수 있 을 것 이 라고 내 다 봤 다 이 를 통해 생성 형 AI 는 영업 과 엔지니어링 연구 개발 등 의 분야 에서 조억 달러 이상 의 부 가 가치 를 창출 할 수 있 다는 내용 이 다 ]
1	피싱 예방 라이브 방송 을 진행 한다고 밝혔 다 지난해 월 첫 방송 으로 시작 된 보이스 피싱 예방 라이브 방송 은 지능 화 되 고 있 는 보이스 피싱 범죄 에 맞서 손님 의 소중 한 재산 을 보호 하 기 위해 하나 은행 과 금감원 이 함께 준비 한 민관 협력 금융 교육 프로그램 이 다 이번 라이브 방송 은 금융 감독원 소속 금융 사기 예방 전문 직원 과 하나 은행 직원 이 직접 출연 해 최근 보이스 피싱 범죄 유형 과 피해 사례 대처 방법 등 을 전파 한다 라이브 방송 의 장점 을 살려 시청자 들 의 궁금증 을 해결 하 는 실시간 채팅 질 의 응답 시간 도 마련 됐 다 하나 은행 관계자 는 보이스 피싱 수법 이 나날이 지능 화 되 고 있 고 특히 취약 계층 의 생활 을 위협 하 는 금융 사기 범죄 가 증가 해 사회 적 문제 로 대두 되 고 있 다며 이번 라이브 방송 처럼 금융 소비자 여러분 들 의 금융 사기 피해 예방 을 위한 다양 한 활동 을 지속 추진 하 겠 다고 말 했 다 ]
0	부검 을 통해 정확 한 사인 을 밝힐 계획 이 라고 말 했 습니다 공장 위 로 주황빛 연기 가 피 어 오릅니다 [ 목격자 터지 기 전 에 나오 는 연기 들 있 잖아요 딱 그 상황 인 거 같 아서 ] OCI 군산 공장 에서 질산 화합물 이 누출 됐 다는 신고 가 접수 된 것 은 오늘 오전 시 분 쯤 긴급 출동 한 소방 당국 은 가스 배관 의 밸브 를 잠그 고 중화 작업 을 진행 했 고 주민 명 은 인근 초등 학교 로 대피 해 인명 피해 는 없 었 습니다 경기 화 성 에서 는 대 운전자 가 몰 던 승용차 가 식당 으로 돌진 했 습니다 이 사고 로 식당 에 있 던 손 님 명 이 머리 와 다리 를 다쳤 고 운전자 와 동승자 등 모두 명 이 다쳤 습니다 운전자 는 차량 결함 을 주장 하 고 있 는 것 으로 알려졌 습니다 경찰 은 운전자 를 교통사고 처리 특례법 위반 혐의 로 입건 하 고 부주의 로 인한 사고 는 아니 었 는지 살펴보 고 있 습니다 영상 편집 신세 은 화면 제공 군산 소방서 ]
0	지원 사업 ’ 을 추진 한다고 일 밝혔 다 이번 사업 은 주택 구입 대출 잔액 만 원 한도 의 이내 이 자 반기 별 최대 만 원 를 지원 하 는 것 으로 상하 반기 로 나눠 대상자 를 모집 하 며 올 상반기 에 가구 에 대출 이자 를 지원 했 다 하반기 에 는 년 월 분 의 이자 를 지원 한다 지원 대상 은 진주시 에서 주택 을 구입 해 살 고 있 는 신혼 부부 로 ▲ 혼인 기간 년 이내 ▲ 부부 합산 연소 득 만 원 이하 ▲ 전용 면적 m 이 하 ▲ 주택 가격 억 원 이하 등 의 기준 에 충족 해야 한다 자세 한 것 은 시청 주택 경관 과 방문 또는 ‘ 경남 바로 서비스 ’ 를 통해 온라인 신청 도 가능 하 다시 관계자 는 “ 이번 사업 이 신혼 부부 의 주거비 부담 을 완화 하 고 안정 적 인 보금자리 마련 에 기여 할 것 으로 보인다 ” 며 “ 이러 한 정책 사업 을 통해 지역 정착 을 돕 고 저 출생 문제 를 해결 할 수 있 도록 최선 을 다 할 것 ” 이 라고 말 했 다 ]
0	시행 될 출생 통보 제 의료 기관 이 출생 사실 을 지자체 에 의무 적 으로 통보 가 대표 적 이 다 그러나 이 경우 에 도 의료 기관 에 가 지 않 고 자택 에서 아이 를 낳 는 경우 는 막 을 방법 이 없 다는 우려 가 진작 나왔 다 이번 사건 으로 ‘ 병원 밖 출산 ’ 의 사각지대 가 드러난 것 아니 냐는 지적 이 나온다 보건복지부 관계자 는 “ 경찰 의 DNA 대조 검사 결과 가 나와 봐야 출생 미신고 경위 등 을 정확히 확인 할 수 있 을 것 으로 보인다 ” 고 말 했 다 비슷 한 비극 이 되풀이 될 때 마다 정부 와 지자체 는 ‘ 찾아가 는 복지 ’ 를 다짐 하 지만 우리 사회 의 안전망 은 여전히 성글 기 만 한 게 현실 이 다 노혜련 숭실대 사회 복지 학과 교수 는 “ 임신 부터 출산 까지 임부 를 대상 으로 한 상담 등 지원 체계 를 촘촘히 갖춰 자연 스럽 게 출생 신고 를 유도 하 고 빈곤 가정 은 조기 발견 하 는 체계 도 재점검 해야 한다 ” 고 강조 했 다 ]
0	[ 부천 소사 경찰서 전경 경기 남부 경찰청 제공 아들 에게 폭행 을 당해 치아 가 부러진 채 맨발 로 도망친 대 노인 이 구조 됐 다 부천 소사 경찰서 는 존 속상해 혐의 로 대 남성 A 씨 를 입건 했 다고 일 밝혔 다 A 씨 는 지난 일 오전 시분 께 소사본동 주거지 에서 아버지 B 씨 를 폭행 했 다 B 씨 는 맨 발 로 도망쳐 나와 에 신고 했 고 경찰 은 주거지 인근 에서 치아 가 부러진 채 피 를 흘리 고 쓰러져 있 는 B 씨 를 발견 해 구급대 에 인계 했 다 이후 경찰 은 주거지 로 출동 해 A 씨 로부터 범행 사실 을 자백 받 고 그 를 현행범 체포 했 다 경찰 조사 에서 A 씨 는 “ 아버지 가 아무런 이유 없이 어머니 에게 화 를 내 아버지 를 때렸 다 ” 는 취지 로 진술 한 것 으로 알려졌 다 한편 경찰 은 B 씨도 A 씨 를 상대 로 폭력 을 행사 한 혐의 로 입건 해 조사 를 진행할 예정 이 다 ]
0	 해 남성 에게 는 접근 금지 명령 이 내려져 A 씨 는 스마트 워치 를 받 았 지만 가해자 와 동선 이 겹치 지 않 고 재고 가 부족 하 다는 이유로 스마트 워치 를 반납 하 기 도 했 습니다 반납 후 나흘 뒤 결국 A 씨 를 살해 한 남성 은 살인 과 스토킹 혐의 등 으로 구속 기소 됐 고 유족 측 은 엄벌 을 촉구 하 는 탄원서 에 동참 해 주 길 바라 기 도 했 습니다 ▶ 인터뷰 민고 은 피해자 변호사 검찰 에서 보복 살인 의 요건 에 해당 하 는 범행 동기 에 대한 부분 이 증거 로서 증명 이 되 지 않 는다 유족 은 피해자 에게 어린 딸 이 있 어서 딸 이 살아갈 사회 를 고려 하 더라도 피고인 이 엄벌 에 처함 으로써 사회 와 격리 되 기 를 바라 고 계세요 생전 남성 이 무작정 올린 사진 에 차 피해 는 물론 스마트 워치 반납 후 안전 도 오로지 A 씨 의 몫 이 었 습니다 MBN 뉴스 김세희 입니다 영상 취재 전현준 VJ 영상 편집 박찬규 그 래 픽 이은재 김지향 ]
0	음 사귄다 했 을 때 어떠셨 느냐 라는 준호 의 질문 에 지민 의 어머니 는 어느 친정 부모 든 다 자기 딸 이 손해 인 것 같 다 부모 맘 이 다 그렇 다 라고 대답 했 다 김준호 는 사전 에 칭찬 만 해 주 기 로 약속 했 던 예비 처남 에게 같 은 질문 을 던졌 다 하지만 예비 처남 은 예상 과 달리 일단 한 번 다녀오 시 기 도 했 고 라고 했 고 준호 가 사 인 신호 을 보내 자 당황 하 며 AI 인공지능 처럼 칭찬 을 시작 했 다 자신 의 점수 를 묻 는 김준호 에게 지민 의 어머니 는 지민 이 남자 친구 되 기 전 엔 호감 이 었 는데 남자 친구 되 니까 발 에 각질 도 눈 에 들어오 고 코인 하 는 것 도 귀 에 들리 더라 라고 돌 직구 를 날려 준호 를 좌절 하 게 했 다 지금 은 몇 프로 정도 냐며 자신 의 호 감도 를 묻 는 준호 에게 지민 의 어머니 는 뜻 밖에 까지 는 아니 고 한 정도 다 남 은 는 앞 으로 채워 가 면 되 지 라고 훈훈 하 게 답 했 다 ]
0	로 놓여 있 다 사진 연합 뉴스 부검 결과 를 토대 로 경찰 은 A 씨 사망 원인 을 내 인사 로 결론 내 고 수사 를 마무리 할 방침 이 다 경찰 관계자 는 “ 외력 에 의한 사망 으로 볼 수 있 는 근거 는 없 는 것 으로 확인 됐 다 ” 며 “ 시신 부패 가 심해 정확 한 사망 시기 는 단정 하 기 어렵 다 ” 고 말 했 다 A 씨 는 지난 일 오전 시 분 께 집 주인 신고 를 받 고 출동 한 경찰 과 구급대 원 에 의해 숨진 채 발견 됐 다 A 씨 곁 에 는 살 로 추정 되 는 아들 이 의식 을 잃 은 채 쓰러져 있 었 다 오랜 기간 굶 은 듯 쇠약 한 상태 였 던 아들 은 병원 치료 를 통해 최근 의식 을 되찾 았 다 아들 은 출생 신고 가 돼 있 지 않 아 정확 한 신원 확인 이 어려운 것 으로 알려졌 다 경찰 은 여성 이 별다른 직업 이 없 고 전기 가스 비와 건강 보험료 집세 등 을 체납 한 점 으로 미뤄 장기간 경제 적 어려움 에 시달렸 던 것 으로 보 고 있 다 ]
0	 것 아니 냐고 물 은 뒤 급격 한 피로 를 호소 하 기 시작 한다 역대 급 롤러코스터 스토리 에 과 몰입 하 던 김수찬 은 급기야 기 가 막힌다 며 손 에 쥐 고 있 던 볼펜 을 떨어트리 고 잠시 뒤 를 돌아보 며 심호흡 을 하 는 등 표정 관리 에 실패 한다 긍정 보이 김수찬 에게 정신 적 스트레스 를 호소 하 게 만든 청소년 엄마 석찬 희 의 파란만장 한 인생 사 에 궁금증 이 모인다 제작진 은 김수찬 이 청소년 엄마 의 고구마 행보 에 대해 일정 한 루틴 이 있 다고 분석 하 며 애정 어린 쓴소리 를 가하 는가 하 면 촬영 이 끝난 뒤 도수 치료 를 받 으러 가 야 겠다며 엄청난 후유증 을 호소 하 기 도 했 다 적재적소 에 사이다 발언 을 뿌려준 김수찬 의 맹활약 과 용기 를 내 고 딩 엄 빠 의 문 을 두드린 석찬 희 의 일상 을 따뜻 한 시선 으로 지켜봐 주 시 길 부탁 드린다고 밝혔 다 어른 들 은 모르 는 고딩 엄 빠 회 는 일 오후 시 분 방송 한다 사진 MBN ]
0	 된다면서 도 당국 이 가계 부채 관리 만 을 목표 로 정책 을 펼치 기 는 쉽 지 않 을 것 이 라고 말 했 다 자료 한국은행 경제 연구원 부채 축소 를 강조 하 는 한국은행 에서 는 규제 강화 에 힘 을 싣 고 있 다 한국은행 경제 연구원 금융 통화 연구실 은 이슈 노트 에서 대부분 의 대출 이 DSR 에 포함 되 는 주요 국과 는 달리 전세 자금 중도금 대출 등 상당수 대출 이 DSR 적용 을 받 지 않 고 있 다며 국내 은행 이 신규 취급 한 개별 주담 대전 세 집단 대출 에서 총 부채 상환 비율 DTI 규제 의 적용 을 받 는 비중 도 평균 에 그쳤 다고 지적 했 다 DSR 예외 대상 을 축소 하 고 담보인 정비 율 LTV 수준 이 높 을수록 대출 을 내줄 때 높 은 가산 금리 를 적용 하 는 등 거시 건전 성 규제 를 강화 해야 한다는 제언 이 다 금융 감독원 풍선 효과 가계 부채 금융 위원회 한국은행 주담 대 총 부채 원리 금상 환비 율 년 만 기주 담대 DSR 산정 ]
0	기 와 잡동사니 가 곳곳 에 쌓여 있 었 다고 한다 경찰 조사 결과 A 씨 는 년 전 이혼 해 혼자 아이 와 반려 견 을 키우 며 생활 해 온 것 으로 나타났 다 B 군 의 친부 도 확인 되 지 않 은 상태 라 경찰 은 A 씨 와 의 DNA 대조 검사 를 통해 친자 여부 를 확인 할 방침 이 다 A 씨 는 기초 생활 수급 자 나 차상 위계 층 같 은 복지 급여 대상자 는 아니 었 던 것 으로 알려졌 다 그러나 년 전 부터 건강 보험료 만 원 가량 을 내 지 못했 고 관리비 도 상당 기간 밀린 것 으로 파악 돼 생활고 에 시달린 것 으로 추정 된다 전주시 는 두 달 전인 지난 월일 A 씨 를 복지 사각지대 발굴 대상자 로 선정 해서 전화 를 하 고 집 도 방문 했 지만 만나 지 는 못했 다고 전했 다 경찰 은 발견 당시 A 씨 의 시신 부패 가 이미 상당히 진행 돼 부검 을 실시 하 기 로 했 다 현장 상황 등 으로 미루 어 극단 적 선택 가능 성 은 낮 은 것 으로 보 고 있 다 ]
0	[ 순찰차 [ 연합뉴스 TV 제공 재판매 및 DB 금지 ] 부천 연합뉴스 손현규 기자 어머니 에게 욕설 한 대 아버지 를 말리 다가 앞니 를 부러뜨린 대 아들 이 경찰 에 붙잡혔 다 경기 부천 소사 경찰서 는 존 속상해 혐의 로 대 A 씨 를 체포 해 불 구속 입건 했 다고 일 밝혔 다 A 씨 는 전날 오전 시 분 께 부천시 소사본동 자택 에서 대 아버지 B 씨 를 밀쳐 앞니 를 부러뜨린 혐의 를 받 고 있 다 A 씨 는 사건 발생 후 직접 에 신고 한 뒤 현행범 으로 체포 됐 다 그 는 경찰 조사 에서 평소 폭력 적 인 아버지 가 어머니 에게 또 욕설 을 했 다며 말리 다가 팔 을 깨 물렸 고 빼 는 과정 에서 아버지 앞니 가 다쳤 다고 진술 했 다 경찰 관계자 는 A 씨 를 조사 한 뒤 일단 석방 했 다며 정확 한 경위 는 추가 로 조사 할 예정 이 라고 말 했 다 sonynacokr ]
0	 의 웃 픈 상황 을 자연 스럽 고 현실 감 있 는 연기 로 극찬 을 받 았 다 강 말 금 은 해당 작품 으로 제회 백상 예술 대상 제회 부일 영화상 제회 한국 영화 평론가 협회 상 제회 부산 영화 평론가 협회 상 제회 청룡 영화상 제회 들 꽃 영화 상 에서 신인 여우상 을 휩쓰 는 쾌거 를 이루 며 한국 영화 의 보배 로 거듭났 다 여기 에 최근 JTBC 드라마 나쁜 엄마 에서 조우리 의 따뜻 한 이웃 정씨 역 을 맡 아 활약 한 강 말 금 은 배우 하정우 의 연출 작 영화 로 비 촬영 준비 에 한창 이 다 한편 배우 강 말 금과 전속 계약 을 체결 한 에이스 팩토리 는 드라마 제작 및 매니지먼트 사업 을 포괄 하 는 종합 엔터 테 인 먼 트 사 다 tvN 자백 JTBC 날씨 가 좋 으면 찾아가 겠 어요 tvN 비밀 의 숲 를 제작 했으며 배우 이준혁 유재명 윤세아 이시영 이규형 장승 조 문정희 염혜란 이주영 외 다수 의 배우 가 소속 돼 있 다 김연주 기자 사진 에이스 팩토리 ]
0	 으로 막 을 올린 이 작품 은 월 일 청주 CJB 미디어 센터 에 덴 아트홀 월 일 대 구 천마 아트 센터 월 일 서울 광진 나루 아트 센터 로 순회 공연 을 이어간 다 최종 남 은 올해 일본 에서 공개 된 영화 씨 히 어 러브 SEE HERE LOVE 에 출연 해 화제 를 모았 다 카카오 웹툰 보 지 못하 고 듣 지 못하 고 사랑 해 를 원작 으로 영화 내 머리 속 의 지우개 인천 상륙작전 의 이재한 감독 이 연출 을 맡 고 야마시타 토모히사 와 아라키 유코 가 주인공 에 캐스팅 됐 다 지난 월 일본 공개 이후 아마존 영화 위 일본 박스 순위 위 를 기록 한 화 제작 으로 최종 남 은 여주인공 아라키 유코 와 에스컬레이터 에서 마주치 는 인물 로 깜짝 등장 하 며 한국 배우 로 는 유일 하 게 청일점 으로 특별 출연 했 다 월 부터 연극 무대 일정 에 돌입 하 는 최종남 은 미니 시리즈 등 TV 드라마 에 도 출연 할 예정 이 다 lt 사진 제공 다홍 엔터 테 인 먼 트 gt ]
0	 는 그 강도 가 상대 적 으로 강하 지 않 다 라며 다만 국내 장기 금리 는 여전히 미국 국채 금리 와 동조성 이 높 다고 분석 했 다 가계 기업 대출 금리 의 경우 최근 미국 국채 금리 상승 에 따른 영향 이 우려 할 만 한 수준 은 아니 라는 게 채권 시장 팀 견해 다 채권 시장 팀 은 가계 기업 대출 금리 는 년 이하 단기 금리 에 연동 되 는 변동 금리 비중 이 높 고 회사채 은행 채 등 의 발행 만 기 도 년 물 이 하 중단 기물 비중 이 높 다며 이 같이 분석 했 다 채권 시장 팀 은 미국 국채 금리 상승 에 도 국내 통화 정책 의 파급 경로 는 대체로 유효 하 게 작동 하 고 있 다면서 도 미국 통화 정책 에 대한 기대 변화 등 으로 미국 국채 금리 변동 성 이 확대 되 고 국내 금리 에 미치 는 영향 도 높 아 질 수 있 는 만큼 미국 국채 금리 움직임 을 면밀히 점검 해야 한다고 판단 했 다 한국은행 주담 대 대출 금리 채권 금리 준거 금리 한 미 금리 동조 화 ]
0	분기 조억 원 대비 억 원 증가 했 다 ━ “ 법정 금리 유연 하 게 적용 해야 ” 서민 들 이 당장 돈 구할 통로 가 막히 면 결국 불법 사금융 시장 으로 몰릴 수 밖에 없 다 한국 대부 금융 협회 에 따르 면 지난해 불법 사채 피해 는 건 으로 집계 됐 다 이 들 의 평균 대 출액 은 만 원 평균 금리 는 에 달했 다 이 때문 에 일각 에서 는 현재 일률 적 으로 적용 되 는 법정 최고 금리 를 시장 상황 에 맞 게 유연 하 게 바꿔야 한다는 목소리 가 나온다 또 정부 가 중 저 신용 자 를 위한 정책 금융 공급 을 획기적으로 늘려야 한다는 지적 도 있 다 석병 훈 이화여대 경제학 과 교수 는 “ 저축 은행 과 대부 업체 대출 이 중단 하 면 저 신용 소득 자 들 은 불법 사금융 에 몰릴 가능 성 이 높 다 ” 면서 “ 법정 최고 금리 를 기준 금리 와 연계 해 탄력 적 으로 조정 해 줘 이 들 에 대한 제도 권 대출 이 끊 어 지 지 않 게 할 필요 가 있 다 ” 고 했 다 ]
0	다 하반기 에 는 년 월 분 의 이자 를 지원 한다 지원 대상 은 진주시 에서 주택 을 구입 해 살 고 있 는 신혼 부부 로 △ 혼인 기간 년 이내 △ 부부 합산 연소 득 만 원 이하 △ 전용 면적 m 이 하 △ 주택 가격 억 원 이하 등 의 기준 에 충족 해야 한다 신청 기간 은 월 일 부터 일 까지 이 며 진주 시청 주택 경관 과 방문 또는 경남 바로 서비스 를 통해 온라인 신청 도 가능 하 다 진주시 관계자 는 이번 사업 이 신혼 부부 의 주거비 부담 을 완화 하 고 안정 적 인 보금자리 마련 에 기여 할 것 으로 보인다며 이러 한 정책 사업 을 통해 지역 정착 을 돕 고 저 출생 문제 를 해결 할 수 있 도록 최선 을 다 할 것 이 라고 말 했 다 ※ CBS 노컷뉴스 는 여러분 의 제보 로 함께 세상 을 바 꿉니다 각종 비리 와 부당 대우 사건 사고 와 미담 등 모든 얘깃거리 를 알려 주 세요 이메일 jebocbscokr 카카오톡 노컷뉴스 사이트 httpsurlkrbafn ]
0	신고 일 로부터 년 이 내인 강남구 에 주민 등록 을 둔 신혼 부부 로 부부 모두 무주택자 부부 합산 연소 득 만 원 억만 원 주거 용 주택 또는 주거 용 오피스텔 전용 면적 또는 계약 면적 ㎡ 이하 에 신청인 또는 배우자 이 임대차 계약 을 체결 한 가구 는 지원 할 수 있 다 청년 은 만 세 만 세 이하 강남구 에 주민 등록 을 준 단독 거주자 로 연소 득 만 원 만 원 이하 의 무주택자 공고 일 기준 관내 주거 용 주택 또는 주거 용 오피스텔 전용 면적 또는 계약 면적 ㎡ 이하 에 신청인 이 임대차 계약 을 체결 한 경우 다 국민 기초 생활 보장 법 제조 에 따른 급여 를 받 는 수 급자 중 생계 의료 주거 급여 수 급자 와 공공 임대 주택 국민 임대영 구임 대장기 전세 행복 매입 임대 전세 임대 주택 등 거주자 주택 도시 기금 전세 자금 대출자 분양 권 이 있 는 자 등 은 지원 에서 제외 된다 지원 기간 은 최장 년 으로 자격 요건 이 충족 될 경우 지원 할 예정 이 다 ]
0	[ ]
0	회사 명 의 계좌 로 송금 한 것 으로 밝혀졌 다 김치 통 에서 압수 한 현금 수표 서울 중앙 지방 검찰청 제공 이 씨 는 또 년 월 부터 지난해 월 까지 추가 대출 신청서 를 위조 해 대출 을 실행 시키 는 등 약 억 원 을 횡령 한 혐의 도 받 고 있 다 검찰 은 이렇게 횡령 한 억 원 을 이 씨 가 기존 횡령 자금 에 대한 돌려 막 기 등 용도 로 사용 했 다고 밝혔 다 이 에 따라 실제 경남은행 이 밝힌 실제 은행 피해액 규모 는 약 억 원 정도 로 추산 된다 검찰 은 이 씨 가 도주 자금 을 마련 하 기 위해 횡령 액 중 억 여 원 을 골드바 와 현금 상품권 달러 등 으로 바꿔 오피스텔 세 곳 에 나눠 숨긴 사실 도 밝혀내 함께 재판 에 넘겼 다 ※ CBS 노컷뉴스 는 여러분 의 제보 로 함께 세상 을 바 꿉니다 각종 비리 와 부당 대우 사건 사고 와 미담 등 모든 얘깃거리 를 알려 주 세요 이메일 jebocbscokr 카카오톡 노컷뉴스 사이트 httpsurlkrbafn ]
0	화 하 면서 신용 등급 이 낮 은 이 들 이 이용 하 는 소액 신용 대출 에서 도 탈락 사례 가 늘어났 다 ” 고 설명 했 다 소액 신용 대출 연체 율 은 총 대출 연체 율 보다 높 은 수준 이 다 한국 투자 저축 은행 의 경우 올 분기 소액 신용 대출 연체 율 이 로 연체 율 보다 포인트 높 았 고 애 큐 온 저축 은행 은 로 연체 율 보다 포인트 높 았 다 웰컴 저축 은행 도 연체 율 대비 포인트 더 높 았 다 악화 속도 도 빨랐 다 이 들 은 년 전 보다 소액 신용 대출 연체 율 이 포인트 뛰어올랐 다 이런 가운데 업계 에서 소액 신용 대출 취급 규모 가 가장 큰 OK 저축 은행 은 반년 만 에 소액 신용대 출액 이 억 원 불어났 다 이 저축 은행 의 지난해 말 소액 신용 대출 취급 액 은 억 원 이 었 는데 올 분기 억 원 으로 늘 었 다 소액 신용 대출 채권 의 매각 확대 와 리스크 관리 로 연체 율 은 같 은 기간 에서 로 포인트 줄 었 다 [ 이미지 출처 연합뉴스 ] ]
0	마 의 레시피 공연 사진 사진 바람 엔터 테 인 먼 트 제공 photonewsiscom 재판매 및 DB 금지 [ 서울 뉴시스 ] 강진아 기자 연극 엄마 의 레시피 가 오 는 일 까지 서울 종로구 공간 아울 극장 에서 공연 한다 할머니 부터 엄마 딸 까지 이어지 는 대가 음식 을 통해 갈등 을 풀 어 가 는 내용 의 가족 코미디 극 이 다 치매 로 기억 이 끊어진 할머니 와 바쁘 고 고달픈 배우 로서 의 일상 때문 에 가족 들 과 소통 하 지 못하 는 엄마 그리고 아버지 없이 자라 홀로 미국 유학길 에 오르 며 외로웠 던 손녀 의 이야기 가 펼쳐진다 각자 가치관 과 삶 속 에서 무엇 이 중요 하 고 무엇 을 양보 하 고 얻 을 것 인가 를 유쾌 한 웃음 과 따뜻 한 메시지 로 담아낸 다년 초연 후 여섯 번 째 공연 이 다 장경 민 연출가 와 영화 용 의 주도 미스 신 을 각색 감독 한 박용집 감독 이 연출 을 맡 았 다 배우 김용선 하영화 최혁주 임정은 정경훈 등 이 출연 한다 ． ]
0	조합원 들 의 분담금 으로 사업 추진 이 가능 하 기 때문 이 다 무엇 보다 년 금융 위기 때 연대보증 으로 다수 의 건설사 가 도산 하 면서 보 증기 관시 행사시 공사 등 이 리스크 를 분산 토록 개선 된 점 을 꼽 고 있 다 연대보증 요구 는 보증 기관 이 의무 를 회피 하 는 것 이 라고 주장 한다 HUG 는 이 에 대해 연대보증 은 일부 신용 보강 차원 에서 이뤄지고 있 다는 설명 이 다 HUG 관계자 는 연대보증 이 늘 고 있 는 것 은 아니 고 모든 사업장 에 일괄 적 으로 요구 하 고 있 지 도 않 다며 분양 률 이 낮 거나 리스크 가 큰 사업장 에 한 해 신용 보강 차원 에서 제한 적 으로 이뤄지고 있 는 것 으로 알 고 있 다고 말 했 다 한편 HUG 에 따르 면 사업비 대출 보증 승인 건수 는 꾸준히 줄 고 있 다 년 곳 년 곳 에 달했으나 지난해 에 는 곳 으로 감소 했 다 올해 들 어서 도 상반기 까지 곳 만 이 사업비 대출 보증 승인 을 받 는 데 그쳤 다 ]
0	 에 관심 이 집중 되 는 데 앞서 월 의 경우 예금 은행 의 가계 대출 잔액 천 조 천억 원 이 다시 조원 늘 며 월 이후 개월 연속 증가세 를 이 어 갔 다 지난달 년 만기 주택 담보 대출 등 을 중심 으로 가계 대출 수요 가 많 았 던 만큼 월 에 도 다섯 달째 가계 대출 이 불 었 을 가능 성 이 크 다 이 복현 금융 감독 원장 과 개 금융 사 최고 경영자 CEO 는 같 은 날 영국 런던 에서 열리 는 해외 투자 설 명회 IR 에 참석 해 한국 금융 산업 홍보 에 나선다 [ 그래픽 ] 은행 가계 대출 증감 액 추이 서울 연합뉴스 원 형민 기자 한국은행 이 일 발표 한 월 중 금융 시장 동향 에 따르 면 예금 은행 의 가계 대출 정책 모기지 론 포함 잔액 은 월 말 기준 천 조 천억 원 으로 한 달 전 보다 조원 증가 했 다 circleminynacokr 페이스북 tuneykrLeYN 트위터 yonhapgraphics shkynacokr junynacokr sjynacokr ]
0	균 을 웃돌 았 다 이 선임 연구 위원 은 “ 부동산업 의 부실기업 증가 는 주택 경기 부진 으로 임대 중개업 의 수익 성 이 떨어지 고 부동산 프로젝트 파이 낸 싱 PF 부실 로 일부 개발 시행 사업 의 재무 건전 성 이 악화 한 때문 ” 이 라고 설명 했 다 건설업 도 부동산 피 에프 부실 우려 와 사업 지연 에다 아파트 분양 저조 와 원자재 가격 상승 으로 재무 적 어려움 을 겪 고 있 는 것 으로 분석 됐 다 보 고서 는 업종 별 부실기업 비중 과 부도 확률 을 은행 과 저축 은행 의 대출 구성 대출 포트폴리오 에 적용 해 기업 대출 부실 에 대한 흡수 능력 을 업 권 별 로 측정 했 다 그 결과 년 말 기준 저축 은행 의 부실 대 출액 은 자기 자본 대비 로 일반 은행 보다 훨씬 높 았 다 이 선임 연구 위원 은 “ 이 는 저축 은행 의 손실 부담 능력 이 은행 에 비해 상대 적 으로 떨어진다는 것 이 어서 저축 은행 의 자본 확충 필요 성 을 보여준다 ” 고 말 했 다 ]
0	체 와 저축 은행 의 대출 문턱 이 갈수록 높 아 지 고 있 다 국회 정무 위원회 소속 국민 의 힘 김희곤 의원 실 이 서민 금융 진 흥원 으로부터 제출 받 은 자료 에 따르 면 올해 상반기 대부 업계 의 가계 신용 대출 신규 금액 은 천억 원 으로 집계 됐 다 이 같 은 추세 라면 올해 대부 업계 가계 대출 규모 는 조원 안팎 에 그칠 것 으로 보이 는데 이 는 지난해 대출 규모 조 천억 원 의 분 의 수준 에 그친다 저축 은행 역시 올해 가 계신 용 대출 을 급격히 줄였 다 상반기 조 천억 원 을 공급 했 는데 역시 지난해 공급 규모 조 천억 원 와 비교 하 면 눈 에 띄 게 줄 었 다 금리 상승 으로 조달 비용 이 급증 한 가운데 연체 부도율 까지 높 아 지 자 대부 은행 과 저축 은행 이 대출 문 자체 를 걸 어 잠근 것 으로 해석 된다 이 때문 에 급전 통로 가 막히 면서 서민 들 이 최대 수백 의 폭리 를 취하 는 불법 사금융 시장 으로 내몰릴 우려 가 커지 고 있 다 ]
0	content
0	[ [ 부산 뉴시스 ] 원동 화 기자 부산 해운대 경찰서 는 대환 대출 을 미끼 로 한 보이스 피싱 조직 의 연락 을 받 은 피해자 를 만나 현금 을 넘겨 받 으려 한 현금 전달 책 A 대여 씨 를 사 기 미수 혐의 로 검거 해 검찰 에 불 구속 송치 했 다고 일 밝혔 다 경찰 에 따르 면 A 씨 는 지난 월 일 오전 시 분 께 해운 대구 의 한 거리 에서 보이스 피싱 조직 의 연락 을 받 은 B 대여 씨 를 만나 현금 을 넘겨 받 으려 한 혐의 다 보이스 피싱 조직 은 B 씨 를 상대 로 대환 대출 을 미끼 로 현금 만 원 을 요구 한 것 으로 전해졌 다 신고 를 받 은 경찰 은 현장 에서 잠복 해 있 다가 현금 을 받 기 위해 나타난 A 씨 를 체포 했 다 ． ]
0	 되 고 있 다 최저 신용 자 특례 보증 은 신용 평점 하위 이하 차주 를 대상 으로 한 번 에 최대 만 원 을 대출 해 주 는 상품 이 다 갈수록 서민층 의 대출 환경 이 악화 되 자 금융 당국 은 서민 금융 효율 화 방안 을 검토 하 고 있 다 효율 화 방 안 에 는 재원 공급 채널 별 로 복잡 하 게 나뉜 ‘ 햇살 론 ’ 을 통합 하 는 내용 이 포함 된 것 으로 전해졌 다 만약 근로자 햇살 론 햇살 론 햇살 론 카드 등 상품 별 로 햇살 론 재원 이 분산 돼 있 던 것 을 통합 하 게 되 면 ‘ 재원 칸막이 ’ 가 사라져 서민층 의 수요 가 있 는 상품 으로 재원 을 더 투입 할 수 있 게 된다 최저 신용 자 대상 직접 대출 상품 을 출시 하 는 것 도 효율 화 방안 중 하나 다 금융 당국 은 금융 권 의 서민 금융 을 위한 재원 출연 요율 상향 등 을 통한 재원 확충 도 검토 하 고 있 다 현재 금융 권 은 가계 대출 잔액 의 를 서민 금융 재원 으로 출연 하 고 있 다 ]
0	배기 아들 을 남겨 두 고 숨진 대 여성 이 살 았 던 전북 전주시 한 빌라 입구 우편 함 에 공과금 고지서 가 보인다 전주 연합뉴스 경찰 과 소방 이 현장 에 출동 한 당시 집안 곳곳 에 는 쓰레기 와 잡동사니 가 쌓여 있 는 등 아이 를 키우 기 에 는 환경 이 매우 열악 했 던 것 으로 전해졌 다 경찰 은 외부 침입 흔적 이나 외상 등 이 없 는 점 으로 미뤄 강력범 죄 연루 가능 성 은 낮 은 것 으로 보 고 있 다 유서 는 발견 되 지 않 았 다 경찰 은 숨진 A 씨 가 아들 과 반려 견 을 홀로 키우 며 경제 적 어려움 을 겪 은 것 으로 보 고 있 다 가족 간 채무 가 있 는 데 다가 최근 집세 와 전기세 가스 비 등 이 미납 된 상태 였 던 것 으로 확인 됐 다 평소 친 인척 들 과 교류 는 없 었 던 것 으로 전해졌 다 경찰 은 정확 한 사망 경위 를 조사 하 는 한편 아동 을 장기간 학대 했 는지 등 사건 과 관련 한 여러 가능 성 에 대해서 도 조사 중 이 다 ]
0	 비교 서비스 에 입점 하 는 상품 은 우리 WON 하 는 직장 인 대출 과 우리 새 희망 홀씨 Ⅱ 우리 청년 도 약대 출새 희망 홀씨 Ⅱ 총 종이 다 우리 청년 도 약대 출새 희망 홀씨 Ⅱ 은 연소 득 만 원 이 하 개월 이상 재직 한 만 세 이하 청년 이 면 연 의 확정 금리 로 제공 받 을 수 있 다 우리 은행 은 핀다 의 대출 갈아타 기 서비스 에 도 입점 했 다 대출 갈아타 기 서비스 에 입점 하 는 우리 WON 갈아타 기 직장 인 대출 은 개월 이상 재직 연소 득 만 원 이상 직장인 을 대상 으로 지난 일 출시 한 대환 대출 전용 신상품 이 다 우리 새 희망 홀씨 Ⅱ 는 저소득 저 신용 고객 대상 상생 금융 대출 상품 이 다 우리 은행 관계자 는 핀 다와 의 제휴 를 통한 비대 면 채널 및 상품 확대 로 더 많 은 고객 을 모실 수 있 게 됐 다며 앞 으로 도 다양 한 상품 과 채널 로 대출 을 이용 하 는 고객 들 의 편의 를 더욱 제고 할 것 이 라고 말 했 다 ． ]
0	향 했 다 이 에 따라 금융 기관 의 부동산 프로젝트 파이 낸 싱 PF 관련 대출 미 회수 위험 이 줄 면서 분양 계약자 들 의 금리 부담 도 다소 완화 할 것 으로 보인다 HUG 는 지난 일 이후 집단 취급 승인 을 신청 한 사업장 을 대상 으로 주택 구입 자금 보증 의 보증 비율 을 기존 대출 금액 의 로 조정 했 다고 일 밝혔 다 HUG 는 년 중도금 대출 의 보증 비율 을 에서 로 년 에 는 로 인하 했 다 HUG 가 중도금 대출 보증 비율 을 상향 조정 한 것 은 이번 이 처음 이 다 HUG 관계자 는 높 은 부동산 PF 금리 등 으로 분양 시장 이 침체 한 상태 에서 보증 비율 을 높여 전체 적 인 시장 의 부담 을 완화 하 는 효과 를 기대 하 고 있 다고 말 했 다 정부 는 지난 월 발표 한 년 하반기 경제 정책 방향 에서 HUG 중도금 대출 보증 비율 을 상향 해 은행 의 PF 관련 대출 미 회수 위험 을 완화 하 겠 다고 예고 한 바 있 다 chicynacokr ]
0	 아 년 만기 주 담대 를 판매 중지 하 는 등 가계 대출 영업 에 대해 소극 적 인 태도 로 돌아섰 다시 중 은행 관계자 는 총 부채 원리금 상환 비율 등 규제 에 더 해 최근 금융 당국 이 가계 대출 증가 여부 를 예의 주시 하 면서 은행 도 가계 대출 성 장 을 적극 꾀할 수 없 는 상황 이 라며 대신 기업 대출 금리 를 경쟁력 있 게 제공 하 며 활로 를 기업 금융 에서 찾 고 있 다고 설명 했 다 기업 대출 성장세 는 전 금융 권 으로 넓혀 봐도 마찬가지 다 한국 은행 에 따르 면 지난 월 말 기준 산업 대출금 잔액 은 조억 원 으로 전 분기 말 대비 조억 원 증가 했 다 산업 별 대출금 증가 폭 은 분기 만 에 확대 됐 다 서정석 한 은 경제 통계 국 금융 통계 팀장 은 예금 은행 이 완화 적 대출 태도 를 유지 한 가운데 은행 대출 보다 직접 금융 메리트 가 줄 었 다며 이 에 기업 이 회사채 발행 보다 은행 대출 을 선호 해 산업 대출금 이 늘어났 다고 분석 했 다 ]
0	피해 상담 신고 건수 천 건 중 미 등록 대부 관련 이 천 건 으로 최다 였 고 고금리 천 건 채권 추심 건 불법 광고 건 유사 수 신건 불법 수수료 건 순 이 었 다 이 처럼 늘어나 는 불법 사금융 피해 상담 신고 에 도 경찰 등 에 수사 가 의뢰 되 는 건수 에 는 큰 변화 가 없 었 다 금감원 은 불법 사금융 관련 제보 와 신고 를 통해 수집 된 피해 건 중 내용 이 구체 적 이 고 증거 자료 등 이 확보 되 는 경우 경찰 에 수사 를 의뢰 한다 불법 사금융 특별 근절 기간 이 었 던 년 에 는 수사 의뢰 건수 가 건 을 기록 했으나 지난해 에 는 건 올해 상반기 에 는 건 에 그쳤 다 서범수 의원 은 최근 고금리 기조 로 제도 권 대출 이 어려워 지 자 연이율 천 이상 의 살인 적 고리대금 으로 무 등록 대 부업 을 한 불법 사금융 조직 이 검거 되 는 등 국민 피해 가 커지 고 있 다면서 불법 사금융 근절 을 위한 특단 의 조치 가 필요 하 다고 말 했 다 사진 연합뉴스 ]
0	살 론 ’ 은 올 상반기 에 만 조억 원 이 취급 돼 올해 목표치 의 가 이미 소진 됐 다 대출 창구 가 막혀 벼랑 끝 에 내몰린 중 저 신용 자 들 은 고스란히 불법 사금융 에 노출 된 상황 이 다 국회 운영 위원회 소속 국민 의 힘 서범수 의원 실 이 금융 감독원 으로부터 제출 받 은 자료 에 따르 면 올 상반기 금감원 에 접수 된 불법 사금융 상담 및 신고 건수 는 건 이 었 다 년 이후 년 만 에 가장 심각 한 수준 이 다 올 상반기 의 상담 및 신고 건수 의 세부 항목 을 보 면 미 등록 대부 업체 관련 이 건 으로 가장 많 았 고 고금리 관련 이 건 으로 뒤 를 이 었 다 성태윤 연세대 경제학 과 교수 는 “ 한동안 저축 은행 이나 대부 업체 에 대한 관리 를 느슨 하 게 해 오 던 금융 당국 이 고삐 를 확 조이 면서 불법 사금융 으로 중 저 신용 자 들 이 대거 몰리 고 있 다 ” 며 “ 정책 기조 가 냉온 탕 을 오가 는 것 은 지양 해야 한다 ” 고 지적 했 다 ]
0	공고 일 기준 관내 주거 용 주택 또는 주거 용 오피스텔 전용 면적 또는 계약 면적 ㎡ 이하 에 신청인 이 임대차 계약 을 체결 한 경우 다 국민 기초 생활 보장 법 제조 에 따른 급여 를 받 는 수 급자 중 생계 의료 주거 급여 수 급자 와 공공 임대 주택 국민 임대영 구임 대장기 전세 행복 매입 임대 전세 임대 주택 등 거주자 주택 도시 기금 전세 자금 대출자 분양 권 이 있 는 자 등 은 지원 에서 제외 된다 신청 을 원하 는 이 는 다음 달 일 까지 로 구청 주택 과 로 방문 접수 하 면 된다 지원 기간 은 최장 년 으로 매년 자격 심사 를 진행 해 자격 요건 이 충족 될 경우 지원 할 예정 이 다조 성명 강남 구청장 은 올해 의 마지막 접수 기간 으로 차 때 신청 하 지 못한 구민 들 이 신청 해서 주거비 절감 혜택 을 보 길 바란다 며 앞 으로 도 젊 은 세대 가 강남구 에 안정 적 으로 정착 하 고 자립 할 수 있 도록 실효 성 있 는 지원 하 겠 다고 말 했 다 ． ]
0	 은 정확 한 판단 이 아니 다고 말 했 다 김 위원장 은 중국 부동산 위기 와 관련 해선 중국 이 어려워 지 면 우리 도 직간접 적 인 영향 을 받 지만 중국 정부 의 지 를 보 면 중국 전체 를 흔들 위기 로 까지 보 지 않 는다며 우리 나라 에 미칠 영향 도 굉장히 제한 적 이 라고 했 다 중소기업 및 자 영업자 에 대한 만기 연장 관련 월 종료 설 에 대해선 월 에 만 기 연장 이 안 돼서 돈 을 갚 아야 하 는 사람 은 없 다며 불 확실 성 이 많 으니 단정 적 으로 말 할 수 는 없 지만 일부 언론 과 유튜브 에서 제기 하 는 이유 를 바탕 으로 한 위기 는 없 을 것 이 라고 언급 했 다 금융 당국 은 만기 연장 은 년 월 까지 조치 시한 이 남 아 있 고 상환 유예 대출 도 올해 월 말 이후 최장 년 간 분할 상환 이 가능 하 며 일부 는 자체 상환 이 되 면서 잔액 이 꾸준히 줄 고 있 다는 점 에서 빚 폭탄 이 당장 월 에 터지 지 않 을 것 으로 보 고 있 다 ]
0	 했 다 여기 에 대환 대출 상품 도 함께 입점 하 면서 이자 부담 을 절감 하 려는 고객 들 의 수요 가 앞 으로 더욱 늘어날 것 으로 보인다 이혜민 핀다 공동 대표 는 “ 금리 경쟁력 을 갖춘 시중 은행 의 상품 이 한꺼번에 입점 하 면서 다양 한 계층 의 고객 들 이 좋 은 조건 의 상품 을 찾 을 수 있 는 선택 의 폭 이 넓 어 지 게 되 었 다 ” 며 “ 핀다는 앞 으로 도 업계 최고 수준 의 상품 라인업 과 정확도 를 바탕 으로 차별 화 된 대출 경험 을 제공 해 나갈 계획 ” 이 라고 말 했 다 한편 핀다는 현재 까지 시중 은행 과 지방 은행 등 금융 권 을 비롯 해 저축 은행 캐피탈 카드 보험 및 온라인 투자 연계 금융업 등 다양 한 종류 의 금융업 권 과 제휴 하 며 대출 슈퍼 앱 으로 자리매김 했 다 현재 까지 앱 누적 다운로드 수 만 건 을 돌파 한 핀다는 누적 대출 금액 조원 을 넘어섰 고 핀다 의 사용 자 들 이 등록 한 대출 관리 총액 은 조원 규모 다 ]
0	 생활 이 힘들 법 도 한데 주변 에 항상 선행 을 베풀 었 다고 회상 했 다 현재 B 씨 는 아들 이 입원 한 병원 과 모친 남편 A 씨 의 빈소 가 차려진 장례식장 을 오가 고 있 는 것 으로 알려졌 다 검 게 탄 집안 내부 [ 촬영 박성제 ] 이 날 오전 합동 감식 을 진행 한 부산 소방 재난 본부 와 부산진 경찰서 는 불 이 난 집안 내부 모든 공간 에 대해 화재 발생 가능 성 을 열 어 두 고 조사 를 진행 하 고 있 다 당시 이 들 가족 이 불길 이 커질 때 까지 대피 하 기 어려웠 던 부분 에 대해서 도 대피 시설 을 점검 하 는 등 추가 조사 를 벌일 예정 이 다 부산 소방 재난 본부 관계자 는 현재 까지 모든 가능 성 을 열 어 두 고 감식 하 고 있 어 화재 가 발생 한 이유 와 장소 를 예단 하 기 어렵 다고 설명 했 다 한편 부산 진구 는 이번 화재 로 피해 를 본 아파트 주민 여 명 에 대해 인근 에 임시 숙소 를 마련 해 대피 시켰 다 psjynacokr ]
